index,original_name,relative_source,collection,media_type,size_bytes,width,height,orientation,captured_at,modified_at,sha256
1,IMG_0014.jpg,wetransfer_honda-fest-2025_2026-05-18_2306/IMG_0014.jpg,honda-fest-2025,image,1963844,2048,1365,horizontal,2025:11:30 07:54:47,2026-05-19T10:08:15,676ee707a6d6a6f1cb4ba73ef596d859ecb10241aa3747bc1148d5b08d81a0ab
2,IMG_0031.jpg,wetransfer_honda-fest-2025_2026-05-18_2306/IMG_0031.jpg,honda-fest-2025,image,1854874,2048,1365,horizontal,2025:11:30 07:58:31,2026-05-19T10:09:06,83da0b9668c99df068da58393e271b63fe3d42cbc006624ac94e56f252c0496e
3,IMG_0038.jpg,wetransfer_honda-fest-2025_2026-05-18_2306/IMG_0038.jpg,honda-fest-2025,image,1905429,2048,1365,horizontal,2025:11:30 07:59:55,2026-05-19T10:08:29,f395fbd2229f5451a1b471a384d62ca466410247381efca744f182318d2852ca
4,IMG_0051.jpg,wetransfer_honda-fest-2025_2026-05-18_2306/IMG_0051.jpg,honda-fest-2025,image,2174837,2048,1365,horizontal,2025:11:30 12:14:34,2026-05-19T10:08:53,f4c744add9d00966a8de03f4c94ae212cef04721b957fa3cc368ce4a47716795
5,IMG_0079.jpg,wetransfer_honda-fest-2025_2026-05-18_2306/IMG_0079.jpg,honda-fest-2025,image,1786099,2048,1365,horizontal,2025:11:30 12:17:14,2026-05-19T10:08:53,210d71a535737b9f7eb3175d0e709c5d8ee8c3347192c8d6d94c03e72cbf6d92
6,IMG_0216.jpg,wetransfer_honda-fest-2025_2026-05-18_2306/IMG_0216.jpg,honda-fest-2025,image,1764782,2048,1365,horizontal,2025:11:30 12:20:37,2026-05-19T10:08:16,a8d921b041868aeefc0c12224fe6bd2fdee62de83ef43f36e517bd47682267a7
7,IMG_0218.jpg,wetransfer_honda-fest-2025_2026-05-18_2306/IMG_0218.jpg,honda-fest-2025,image,1917807,2048,1365,horizontal,2025:11:30 12:22:22,2026-05-19T10:09:03,4cda5266901243a72d36a6bdfea663c05d27c4104c4684d8d60e3cfd7c6ff404
8,IMG_0220.jpg,wetransfer_honda-fest-2025_2026-05-18_2306/IMG_0220.jpg,honda-fest-2025,image,1380082,2048,1365,horizontal,2025:11:30 12:19:29,2026-05-19T10:08:58,fcb50f91cee59155c78e425289b9b5a3fc2564278002ece7c875044ca9fa9cd7
9,IMG_0229.jpg,wetransfer_honda-fest-2025_2026-05-18_2306/IMG_0229.jpg,honda-fest-2025,image,1591892,2048,1365,horizontal,2025:11:30 12:23:46,2026-05-19T10:08:19,29f62701c7fe07548661c0412883134bbeeb8d21185df0c279f6d488f4b5fe9f
10,IMG_0286.jpg,wetransfer_honda-fest-2025_2026-05-18_2306/IMG_0286.jpg,honda-fest-2025,image,1802699,2048,1365,horizontal,2025:11:30 12:42:27,2026-05-19T10:08:54,353e5a32e07f340ac633f49d4be9d69b6ccfd5c620410e7680855002204c6396
11,IMG_0289.jpg,wetransfer_honda-fest-2025_2026-05-18_2306/IMG_0289.jpg,honda-fest-2025,image,1622021,2048,1365,horizontal,2025:11:30 12:41:04,2026-05-19T10:08:33,5f85555aef782bb549ef4a893f49d999e89901eb33c1c1fbac85099f56724dff
12,IMG_0299.jpg,wetransfer_honda-fest-2025_2026-05-18_2306/IMG_0299.jpg,honda-fest-2025,image,1773799,2048,1365,horizontal,2025:11:30 12:43:40,2026-05-19T10:08:41,b74bb085c0168b7fc837e1e0dccfa792a43431bad8eadf2f93246df3ff636af1
13,IMG_0306.jpg,wetransfer_honda-fest-2025_2026-05-18_2306/IMG_0306.jpg,honda-fest-2025,image,1738014,2048,1365,horizontal,2025:11:30 12:45:53,2026-05-19T10:08:40,dfea17a2c9c23e9524e86603f207a4149344a6c3efc7fbe75766f95610b5c0cc
14,IMG_0322.jpg,wetransfer_honda-fest-2025_2026-05-18_2306/IMG_0322.jpg,honda-fest-2025,image,2758895,2048,1365,horizontal,2025:11:30 12:49:01,2026-05-19T10:08:48,8bd79bd3232b8e7a8b982877e39e7252828accebb9828445f33b0e1529fbe277
15,IMG_0341.jpg,wetransfer_honda-fest-2025_2026-05-18_2306/IMG_0341.jpg,honda-fest-2025,image,2775927,2048,1365,horizontal,2025:11:30 12:47:49,2026-05-19T10:08:59,87b93319af07052a7c22b1f3b3ba1034e67fafa47299dc8882e122d739502fce
16,IMG_0347.jpg,wetransfer_honda-fest-2025_2026-05-18_2306/IMG_0347.jpg,honda-fest-2025,image,2960637,2048,1365,horizontal,2025:11:30 12:50:11,2026-05-19T10:09:04,3e992f1fd5ff91ddc77bfee00cc576d93829f4a8ab8c71f8d1bcda752fbbbba0
17,IMG_0358.jpg,wetransfer_honda-fest-2025_2026-05-18_2306/IMG_0358.jpg,honda-fest-2025,image,2455571,2048,1365,horizontal,2025:11:30 12:51:46,2026-05-19T10:08:23,ad18a59f1c7b37361a393a84191bd88b9b9711a0e454e82e2cfdcf39b019476f
18,IMG_0374.jpg,wetransfer_honda-fest-2025_2026-05-18_2306/IMG_0374.jpg,honda-fest-2025,image,1726579,2048,1365,horizontal,2025:11:30 12:53:08,2026-05-19T10:08:21,cc93be79923542e3ee1b2843d5ab6dec8a4ad78c7bb056d5573fddaa1c4e5abf
19,IMG_0410.jpg,wetransfer_honda-fest-2025_2026-05-18_2306/IMG_0410.jpg,honda-fest-2025,image,1822914,2048,1365,horizontal,2025:11:30 13:08:14,2026-05-19T10:08:16,4a03c4c48a454c85c905ac4056202d030ae2ca2914015257cc7cdc5a85b747f8
20,IMG_0412.jpg,wetransfer_honda-fest-2025_2026-05-18_2306/IMG_0412.jpg,honda-fest-2025,image,1958117,2048,1365,horizontal,2025:11:30 13:09:22,2026-05-19T10:08:21,6dd5c138ab77c4a35e9e69817131f8c3222ee93610d2a946926624bb1fae714d
21,IMG_0414.jpg,wetransfer_honda-fest-2025_2026-05-18_2306/IMG_0414.jpg,honda-fest-2025,image,1826638,2048,1365,horizontal,2025:11:30 13:06:18,2026-05-19T10:08:28,62ce763457b3b7605fec06d906b68db4a187d236d51072f7c45dfefa45047227
22,IMG_0422.jpg,wetransfer_honda-fest-2025_2026-05-18_2306/IMG_0422.jpg,honda-fest-2025,image,1775818,2048,1365,horizontal,2025:11:30 13:12:24,2026-05-19T10:09:02,6d5f1d4249afeb333f9c5effc2fdd2874a8048bd866118b405bb9002f73a8dd4
23,IMG_0456.jpg,wetransfer_honda-fest-2025_2026-05-18_2306/IMG_0456.jpg,honda-fest-2025,image,1602826,2048,1365,horizontal,2025:11:30 14:28:43,2026-05-19T10:08:56,a3aaec9634c829bf33175856fa6003b5c0dfbb127aa1c3dc29f0e709e5cacd69
24,IMG_0461.jpg,wetransfer_honda-fest-2025_2026-05-18_2306/IMG_0461.jpg,honda-fest-2025,image,1809874,2048,1365,horizontal,2025:11:30 14:31:42,2026-05-19T10:08:37,5940d9748fb4fa65848518a36aba380b1c3c33fcc9dc9d75ce255030a09c240c
25,IMG_0467.jpg,wetransfer_honda-fest-2025_2026-05-18_2306/IMG_0467.jpg,honda-fest-2025,image,1762428,2048,1365,horizontal,2025:11:30 14:50:46,2026-05-19T10:08:31,5ccada79c5ef131ff300969d73b427cb4783aa1f4a0d63435fbfd3f7556e81a7
26,IMG_0468.jpg,wetransfer_honda-fest-2025_2026-05-18_2306/IMG_0468.jpg,honda-fest-2025,image,1771659,2048,1365,horizontal,2025:11:30 16:16:16,2026-05-19T10:08:50,3e67d3d520bd3f2ef725a591e26311478688891965bcbbbf3c0b5912fcbb2e42
27,IMG_0471.jpg,wetransfer_honda-fest-2025_2026-05-18_2306/IMG_0471.jpg,honda-fest-2025,image,1702853,2048,1365,horizontal,2025:11:30 14:44:11,2026-05-19T10:08:35,a6980d8a1e84fe77b56523c46283966a5162fce6729468e2e2e1f502e0fce623
28,IMG_0502.jpg,wetransfer_honda-fest-2025_2026-05-18_2306/IMG_0502.jpg,honda-fest-2025,image,1589466,2048,1365,horizontal,2025:11:30 14:45:30,2026-05-19T10:08:41,ab77726c40ce7fb4528c644cead803611044b89faffea5787dbdaa3f2f96a0a9
29,IMG_0574.jpg,wetransfer_honda-fest-2025_2026-05-18_2306/IMG_0574.jpg,honda-fest-2025,image,1809883,2048,1365,horizontal,2025:11:30 16:18:07,2026-05-19T10:08:29,e37b5ae8c6edfc7db536406ada1251f4da09668c4b4a202fb11f9a7f6e9d2543
30,IMG_0584.jpg,wetransfer_honda-fest-2025_2026-05-18_2306/IMG_0584.jpg,honda-fest-2025,image,1993259,2048,1365,horizontal,2025:11:30 16:19:34,2026-05-19T10:09:00,9b420011c3da3f8a7ab3ccd2108c220adbe8364da271c596623cebc5aa7fd072
31,IMG_0592.jpg,wetransfer_honda-fest-2025_2026-05-18_2306/IMG_0592.jpg,honda-fest-2025,image,1904043,2048,1365,horizontal,2025:11:30 16:20:31,2026-05-19T10:08:57,0f276a194db152300d34d209c91332ede0c31509d7ad5802adb1e89a5ded6aa3
32,IMG_0659.jpg,wetransfer_honda-fest-2025_2026-05-18_2306/IMG_0659.jpg,honda-fest-2025,image,1737418,2048,1365,horizontal,2025:11:30 16:23:31,2026-05-19T10:08:31,357b580dcc7ec66161134996701d04ad22356db2552c2a9bf8658e1ce7223fc7
33,IMG_0662.jpg,wetransfer_honda-fest-2025_2026-05-18_2306/IMG_0662.jpg,honda-fest-2025,image,2068189,2048,1365,horizontal,2025:11:30 16:25:58,2026-05-19T10:08:39,6b2337c15e4513a1711987c94f2c55ad72ac1ce0b51ef0fa6579a2d4ac91e450
34,IMG_0667.jpg,wetransfer_honda-fest-2025_2026-05-18_2306/IMG_0667.jpg,honda-fest-2025,image,1817475,2048,1365,horizontal,2025:11:30 16:24:39,2026-05-19T10:08:33,73f8aadd55a74c44bd65ad4a45c63c9129fc7e8d8b9f40a0e6f029d51b101195
35,IMG_0674.jpg,wetransfer_honda-fest-2025_2026-05-18_2306/IMG_0674.jpg,honda-fest-2025,image,1978429,2048,1365,horizontal,2025:11:30 16:22:20,2026-05-19T10:08:43,97cf87dbbbf54dfd3638e0262b3e6c9e040c9d98eeddd25fc1c14fe4ef2b53b6
36,IMG_0722.jpg,wetransfer_honda-fest-2025_2026-05-18_2306/IMG_0722.jpg,honda-fest-2025,image,2070375,2048,1365,horizontal,2025:11:30 16:28:12,2026-05-19T10:08:49,9c9ac2f665416415d856ba31e86cf55652d5ec12d8030707b53ee1b05fbfec87
37,IMG_0745.jpg,wetransfer_honda-fest-2025_2026-05-18_2306/IMG_0745.jpg,honda-fest-2025,image,1691736,2048,1365,horizontal,2025:11:30 17:04:14,2026-05-19T10:09:01,571607d20e9bd445fe44ce387178d16e13d48b82c9c629309e673ef7cdf88736
38,IMG_0793.jpg,wetransfer_honda-fest-2025_2026-05-18_2306/IMG_0793.jpg,honda-fest-2025,image,1617014,2048,1365,horizontal,2025:11:30 16:55:31,2026-05-19T10:08:58,2faa46f74fb5079903f4f10d5ab60c8a2345535b9618506e9342682d80a56fe5
39,IMG_0941.jpg,wetransfer_honda-fest-2025_2026-05-18_2306/IMG_0941.jpg,honda-fest-2025,image,1806192,2048,1365,horizontal,2025:11:30 16:57:28,2026-05-19T10:08:14,af4d259f4011f182c90a3e0f63176502da05bcca8ffa14a82438c6c13c8e876f
40,IMG_0969.jpg,wetransfer_honda-fest-2025_2026-05-18_2306/IMG_0969.jpg,honda-fest-2025,image,1829754,2048,1365,horizontal,2025:11:30 16:58:48,2026-05-19T10:08:14,b0eb31dc2a29c0f1def84a650f18558694e10e353cbd935766777672a123701b
41,IMG_0990.jpg,wetransfer_honda-fest-2025_2026-05-18_2306/IMG_0990.jpg,honda-fest-2025,image,2181637,2048,1365,horizontal,2025:11:30 16:59:57,2026-05-19T10:08:23,978a5dfa6f6fe62da2e16ac120afd9cabc0a6f4f7c6b6fb6ddf8fc33dac7bce2
42,IMG_1315.jpg,wetransfer_honda-fest-2025_2026-05-18_2306/IMG_1315.jpg,honda-fest-2025,image,2726900,2048,1365,horizontal,2025:11:30 17:05:55,2026-05-19T10:09:01,35b2305dc53b03c4caa929988d562f2879bac598d359fac0aaad5958e3c32250
43,IMG_1342.jpg,wetransfer_honda-fest-2025_2026-05-18_2306/IMG_1342.jpg,honda-fest-2025,image,1681773,2048,1365,horizontal,2025:11:30 20:42:48,2026-05-19T10:08:32,4946a4c74baf4e01f86e1dcdba4cbcdfd3276b617c6e46a866b95d68d0540cf4
44,IMG_1382.jpg,wetransfer_honda-fest-2025_2026-05-18_2306/IMG_1382.jpg,honda-fest-2025,image,2823915,2048,1365,horizontal,2025:11:30 20:44:13,2026-05-19T10:08:30,429636185ccbe0c7a4f993ef1c9ca871fd6fd1381d67997a133170bf5e6cccd6
45,IMG_1430.jpg,wetransfer_honda-fest-2025_2026-05-18_2306/IMG_1430.jpg,honda-fest-2025,image,2090022,2048,1365,horizontal,2025:11:30 20:45:49,2026-05-19T10:08:33,a740588f4bca8858fd055811e3b507600874b20b9b47a37dce4edfe170c08d78
46,IMG_1457.jpg,wetransfer_honda-fest-2025_2026-05-18_2306/IMG_1457.jpg,honda-fest-2025,image,1947975,2048,1365,horizontal,2025:11:30 20:47:51,2026-05-19T10:08:26,7ed79c4b4fa56237185fdef714584a014f0a36d4c7b202bec672a98dd135ad09
47,IMG_1487.jpg,wetransfer_honda-fest-2025_2026-05-18_2306/IMG_1487.jpg,honda-fest-2025,image,2097167,2048,1365,horizontal,2025:11:30 20:49:09,2026-05-19T10:08:15,a21e6b08934d31286255adbde44441b418f4a4a162868ad3c9b702c3bcecd114
48,IMG_1541.jpg,wetransfer_honda-fest-2025_2026-05-18_2306/IMG_1541.jpg,honda-fest-2025,image,1867940,2048,1365,horizontal,2025:11:30 20:50:38,2026-05-19T10:08:38,e83e39697a84eb35ce6ffa82657baf7ab2ca6f5f22f9a4e3daf8cea1c1a6fb0e
49,IMG_1567.jpg,wetransfer_honda-fest-2025_2026-05-18_2306/IMG_1567.jpg,honda-fest-2025,image,1968717,2048,1365,horizontal,2025:11:30 20:51:47,2026-05-19T10:08:45,292653d76c1436b19ec03080903e8e19a013c5508dc797e583a7ff39a6d5bc8e
50,IMG_1586.jpg,wetransfer_honda-fest-2025_2026-05-18_2306/IMG_1586.jpg,honda-fest-2025,image,2368402,2048,1365,horizontal,2025:11:30 20:53:42,2026-05-19T10:08:34,cf75ec75914ae377175fbc43689692abefbc81c17674dc25500c0aff775d32ca
51,IMG_1610.jpg,wetransfer_honda-fest-2025_2026-05-18_2306/IMG_1610.jpg,honda-fest-2025,image,1905118,2048,1365,horizontal,2025:11:30 20:55:12,2026-05-19T10:08:44,8c91c08925e96aa41a4c190700433633b831d169e2fc44fd9aa0640b60962037
52,IMG_1647.jpg,wetransfer_honda-fest-2025_2026-05-18_2306/IMG_1647.jpg,honda-fest-2025,image,1916164,2048,1365,horizontal,2025:11:30 20:56:32,2026-05-19T10:08:17,b759f0b69cfc78ab80f5c9ca7478619fb4d1ccf2218f2ac0abc03ffff240cead
53,IMG_1830.jpg,wetransfer_honda-fest-2025_2026-05-18_2306/IMG_1830.jpg,honda-fest-2025,image,3842424,2048,1365,horizontal,2025:11:30 21:00:51,2026-05-19T10:08:52,8c021df9d5ed1d2f06c55c3cfd43e45007c52fa62cfd9a32988cf8d2e61b9605
54,IMG_8732.jpg,wetransfer_honda-fest-2025_2026-05-18_2306/IMG_8732.jpg,honda-fest-2025,image,1811665,2048,1365,horizontal,2025:11:27 19:16:57,2026-05-19T10:09:03,d0ee281c13b081508eae2eeea8d007566e5bf3168335680e833484cef21a8fd2
55,IMG_8758.jpg,wetransfer_honda-fest-2025_2026-05-18_2306/IMG_8758.jpg,honda-fest-2025,image,1894497,2048,1365,horizontal,2025:11:27 19:18:27,2026-05-19T10:08:42,58bd6d6cae7a71d05069c990cea5a5bb94ed5271a11bff3fab86fbdcea5dc86c
56,IMG_8766.jpg,wetransfer_honda-fest-2025_2026-05-18_2306/IMG_8766.jpg,honda-fest-2025,image,2013407,2048,1365,horizontal,2025:11:27 19:19:44,2026-05-19T10:08:40,5ba64b5caea58c65e8d25f033f1509d13b405ceb94598e5d07fa714422c8f7be
57,IMG_8811.jpg,wetransfer_honda-fest-2025_2026-05-18_2306/IMG_8811.jpg,honda-fest-2025,image,1523114,2048,1365,horizontal,2025:11:27 19:21:02,2026-05-19T10:08:48,861c6f61968834aee04026d5414ca6267d3222614bb94e7600dc5bc4624c9353
58,IMG_8816.jpg,wetransfer_honda-fest-2025_2026-05-18_2306/IMG_8816.jpg,honda-fest-2025,image,2020094,2048,1365,horizontal,2025:11:27 19:22:37,2026-05-19T10:08:54,8712671ef44a5a0770cd33e5a8ce15cb49ea19d722ca0d745b002c30cb9c6288
59,IMG_8824.jpg,wetransfer_honda-fest-2025_2026-05-18_2306/IMG_8824.jpg,honda-fest-2025,image,2323262,2048,1365,horizontal,2025:11:27 19:23:53,2026-05-19T10:08:36,bfd4fbe413021b25c419d6f8e9bbd1bfc61d8fa62a7b1253521209d8152d220e
60,IMG_8830.jpg,wetransfer_honda-fest-2025_2026-05-18_2306/IMG_8830.jpg,honda-fest-2025,image,2558028,2048,1365,horizontal,2025:11:27 19:25:28,2026-05-19T10:08:35,f6982ab15062c345f66685b73deb6a700bf53d19e5c1cf05d7658514aa24f4c0
61,IMG_8844.jpg,wetransfer_honda-fest-2025_2026-05-18_2306/IMG_8844.jpg,honda-fest-2025,image,2420565,2048,1365,horizontal,2025:11:27 19:26:31,2026-05-19T10:08:17,f3b10688af64305b33a0c3c7ab7f027c0b30876657b240fd86240a1c1b0fc344
62,IMG_8848.jpg,wetransfer_honda-fest-2025_2026-05-18_2306/IMG_8848.jpg,honda-fest-2025,image,2529399,2048,1365,horizontal,2025:11:27 19:28:12,2026-05-19T10:09:05,19260cc29ac1b7d7c4adc72984c0c859fb7409782e4c48bb33a0196522db162c
63,IMG_8866.jpg,wetransfer_honda-fest-2025_2026-05-18_2306/IMG_8866.jpg,honda-fest-2025,image,2383911,2048,1365,horizontal,2025:11:27 19:29:24,2026-05-19T10:08:59,d8dd885ca124debb5251b717ad7d7b6fd6c577aa765fb3e290e9f85a6c697be4
64,IMG_8882.jpg,wetransfer_honda-fest-2025_2026-05-18_2306/IMG_8882.jpg,honda-fest-2025,image,2336159,2048,1365,horizontal,2025:11:27 19:30:53,2026-05-19T10:08:28,218c514c0f5ffe219939cb304efefe4d5f1758eb588b4273f867519f287cd564
65,IMG_8914.jpg,wetransfer_honda-fest-2025_2026-05-18_2306/IMG_8914.jpg,honda-fest-2025,image,1896166,2048,1365,horizontal,2025:11:27 19:32:15,2026-05-19T10:09:05,d686bff55e4165fabb2bdbacc95650a35deeae7d7d47b1d319a6c7a2b802c95e
66,IMG_8926.jpg,wetransfer_honda-fest-2025_2026-05-18_2306/IMG_8926.jpg,honda-fest-2025,image,2053983,2048,1365,horizontal,2025:11:27 19:15:30,2026-05-19T10:08:19,30cd5d2d7d52c3cf38786d82a3be49ded04642af02e0fab1539fdbddb92e9870
67,IMG_8957.jpg,wetransfer_honda-fest-2025_2026-05-18_2306/IMG_8957.jpg,honda-fest-2025,image,1800241,2048,1365,horizontal,2025:11:27 19:33:53,2026-05-19T10:08:41,55ec72c151e3bcf55a9ca8620015c9febaf6c013aaea90ce6e3b1ad28221e521
68,IMG_8959.jpg,wetransfer_honda-fest-2025_2026-05-18_2306/IMG_8959.jpg,honda-fest-2025,image,1568018,2048,1365,horizontal,2025:11:25 22:06:33,2026-05-19T10:08:48,5eaea4cf2592d363a1b616cede2b746fbc27d260039a0f3ee3c71afa561ac64b
69,IMG_8962.jpg,wetransfer_honda-fest-2025_2026-05-18_2306/IMG_8962.jpg,honda-fest-2025,image,1537432,2048,1365,horizontal,2025:11:25 22:07:30,2026-05-19T10:08:55,1fe0a1f53069a11b45403e12bc13d9646482eca6aa8fa605fa67a9516bc95989
70,IMG_8968.jpg,wetransfer_honda-fest-2025_2026-05-18_2306/IMG_8968.jpg,honda-fest-2025,image,1486124,2048,1365,horizontal,2025:11:25 22:08:30,2026-05-19T10:08:37,a81aa0f510f62f4593787068253cb14c5069919c36e748eac116dd3157d38a72
71,IMG_8972.jpg,wetransfer_honda-fest-2025_2026-05-18_2306/IMG_8972.jpg,honda-fest-2025,image,2275898,2048,1365,horizontal,2025:11:25 22:09:54,2026-05-19T10:08:46,934a349e38bae33e46807cef19acd77ff2a82b41aef41df81d96f6c1d6de27ea
72,IMG_8974.jpg,wetransfer_honda-fest-2025_2026-05-18_2306/IMG_8974.jpg,honda-fest-2025,image,1662441,2048,1365,horizontal,2025:11:25 22:11:46,2026-05-19T10:08:51,cd73937fe0ea6dcbf09c63dfc62d0c80971a6325db97c23767f0a6decf0e6a05
73,IMG_8975.jpg,wetransfer_honda-fest-2025_2026-05-18_2306/IMG_8975.jpg,honda-fest-2025,image,1759463,2048,1365,horizontal,2025:11:25 22:12:52,2026-05-19T10:08:49,088b0a765d5b29880c4e3daf592562fa9fc2155bf132fd12343e7d4580937ae7
74,IMG_8977.jpg,wetransfer_honda-fest-2025_2026-05-18_2306/IMG_8977.jpg,honda-fest-2025,image,1641244,2048,1365,horizontal,2025:11:25 22:14:01,2026-05-19T10:08:56,a4bf8dca1f6ac1518ca3847b8c1d1d1d0840af64d99f951402944808bafce6bf
75,IMG_9055.jpg,wetransfer_honda-fest-2025_2026-05-18_2306/IMG_9055.jpg,honda-fest-2025,image,2372499,2048,1365,horizontal,2025:11:27 19:36:25,2026-05-19T10:08:37,6b245242dc1cd9c9ced4cf088b112a3747db75356014b7b9326f6fff610531cd
76,IMG_9096.jpg,wetransfer_honda-fest-2025_2026-05-18_2306/IMG_9096.jpg,honda-fest-2025,image,1597819,2048,1365,horizontal,2025:11:27 19:41:07,2026-05-19T10:08:36,5bcaa3f74249ce68f91ea266cb4645c335ac5b67622f45ec1e44ca642a49639b
77,IMG_9105.jpg,wetransfer_honda-fest-2025_2026-05-18_2306/IMG_9105.jpg,honda-fest-2025,image,1625945,2048,1365,horizontal,2025:11:27 19:43:21,2026-05-19T10:08:47,e817008b8bad909e3102de6416db8d4bd5c1f61b44ebafa1fa978ac0f8d316dd
78,IMG_9109.jpg,wetransfer_honda-fest-2025_2026-05-18_2306/IMG_9109.jpg,honda-fest-2025,image,2871470,2048,1365,horizontal,2025:11:27 20:51:14,2026-05-19T10:08:38,5b998964ec7ab90f07bae34f46442a2b84498d9c65846a225c7ca7e517c46b59
79,IMG_9115.jpg,wetransfer_honda-fest-2025_2026-05-18_2306/IMG_9115.jpg,honda-fest-2025,image,1744154,2048,1365,horizontal,2025:11:27 20:48:13,2026-05-19T10:08:51,9e5bc25cfc12f22225aaf21a634e2fa36c198645a2426c5f561cbbd90c56ff78
80,IMG_9120.jpg,wetransfer_honda-fest-2025_2026-05-18_2306/IMG_9120.jpg,honda-fest-2025,image,1539049,2048,1365,horizontal,2025:11:27 19:41:58,2026-05-19T10:08:39,4376f777fc794f738abaf7626fa2a8160e534f918057efe3b40f721cb2096c84
81,IMG_9128.jpg,wetransfer_honda-fest-2025_2026-05-18_2306/IMG_9128.jpg,honda-fest-2025,image,1673244,2048,1365,horizontal,2025:11:27 19:44:56,2026-05-19T10:08:50,1837d2f6f8a85b74970ab7385472a2444d5f8424e752158996275bd1c8497505
82,IMG_9142.jpg,wetransfer_honda-fest-2025_2026-05-18_2306/IMG_9142.jpg,honda-fest-2025,image,1831095,2048,1365,horizontal,2025:11:27 21:01:32,2026-05-19T10:08:24,ad29260f845325d955dc9f929656e1faa0d59db34ef8836ecc7dfb42390da2be
83,IMG_9170.jpg,wetransfer_honda-fest-2025_2026-05-18_2306/IMG_9170.jpg,honda-fest-2025,image,1656746,2048,1365,horizontal,2025:11:27 19:46:59,2026-05-19T10:08:58,5b604323c9e0d2370a219fb3ab59e1667329aa17834b7744f231b2e7db556105
84,IMG_9269.jpg,wetransfer_honda-fest-2025_2026-05-18_2306/IMG_9269.jpg,honda-fest-2025,image,1791706,2048,1365,horizontal,2025:11:28 20:31:09,2026-05-19T10:08:43,35728340713ae9b5ff3bba2e991ca005f7db7fdc43e1b2cf29444c82c767d4f8
85,IMG_9288.jpg,wetransfer_honda-fest-2025_2026-05-18_2306/IMG_9288.jpg,honda-fest-2025,image,2203110,2048,1365,horizontal,2025:11:28 20:32:58,2026-05-19T10:08:53,8d9dfa7aef86ff0108e3f77beb20634c693d3f3dc4880a8e7b321a529bd163b5
86,IMG_9307.jpg,wetransfer_honda-fest-2025_2026-05-18_2306/IMG_9307.jpg,honda-fest-2025,image,1585967,2048,1365,horizontal,2025:11:28 20:35:19,2026-05-19T10:08:47,206a996438e8dae70bf60850fadc822459b1c484e6c77cfc70fc85ffe1f9bde2
87,IMG_9308.jpg,wetransfer_honda-fest-2025_2026-05-18_2306/IMG_9308.jpg,honda-fest-2025,image,1628030,2048,1365,horizontal,2025:11:28 20:38:09,2026-05-19T10:08:42,767b798a6da462f7cc940c127e39b5f8c6fd56ff60a262c5227e92dec5efe68c
88,IMG_9327.jpg,wetransfer_honda-fest-2025_2026-05-18_2306/IMG_9327.jpg,honda-fest-2025,image,1800179,2048,1365,horizontal,2025:11:28 20:39:39,2026-05-19T10:08:34,cf4416544f42c087e06ef5518bf9ab30c4b39f0e3189fea0765379e0b68361d3
89,IMG_9330.jpg,wetransfer_honda-fest-2025_2026-05-18_2306/IMG_9330.jpg,honda-fest-2025,image,1629215,2048,1365,horizontal,2025:11:28 21:17:22,2026-05-19T10:08:32,600da76c67b01aa267f737658fe60468adb7a5d830402b558e40ac3508a8e034
90,IMG_9339.jpg,wetransfer_honda-fest-2025_2026-05-18_2306/IMG_9339.jpg,honda-fest-2025,image,1538938,2048,1365,horizontal,2025:11:28 21:15:40,2026-05-19T10:08:45,d4df7ad77d3d301af5f6dd97b9331fdde497fb21e460337e14f223146225d309
91,IMG_9346.jpg,wetransfer_honda-fest-2025_2026-05-18_2306/IMG_9346.jpg,honda-fest-2025,image,1454207,2048,1365,horizontal,2025:11:28 21:21:07,2026-05-19T10:08:16,8b61cfee8748e62b747b9d575307316dd7de99df75b07fb5c54812d36887c2d3
92,IMG_9350.jpg,wetransfer_honda-fest-2025_2026-05-18_2306/IMG_9350.jpg,honda-fest-2025,image,1683026,2048,1365,horizontal,2025:11:28 21:25:35,2026-05-19T10:08:22,50b32f6c74ffdaf0f6aba61f4d2aeceae10d754d2c1f480feb59dbdfd371a69e
93,IMG_9360.jpg,wetransfer_honda-fest-2025_2026-05-18_2306/IMG_9360.jpg,honda-fest-2025,image,2179051,2048,1365,horizontal,2025:11:28 21:18:58,2026-05-19T10:09:02,bd7deec25a91fea8449082f51224f15c39239ab35f2eda4dc14ea2b9bf4738dd
94,IMG_9369.jpg,wetransfer_honda-fest-2025_2026-05-18_2306/IMG_9369.jpg,honda-fest-2025,image,2322494,2048,1365,horizontal,2025:11:28 21:29:02,2026-05-19T10:08:26,ffaf58225f1124036f573dbd2f26bbccb11043a143b3d3abb68d9c2cbabef0f0
95,IMG_9398.jpg,wetransfer_honda-fest-2025_2026-05-18_2306/IMG_9398.jpg,honda-fest-2025,image,1824415,2048,1365,horizontal,2025:11:28 21:23:26,2026-05-19T10:08:57,9f796ab49a28f53fa9ecfe6cbb28af12d93e7d43cb649dc37ff3f0e201a72d2d
96,IMG_9423.jpg,wetransfer_honda-fest-2025_2026-05-18_2306/IMG_9423.jpg,honda-fest-2025,image,1685357,2048,1365,horizontal,2025:11:28 21:30:20,2026-05-19T10:08:20,3a80ab6126fda5b36ddb0c74d27fb124c068ff85c6165fb2b8b932831887e451
97,IMG_9426.jpg,wetransfer_honda-fest-2025_2026-05-18_2306/IMG_9426.jpg,honda-fest-2025,image,1832638,2048,1365,horizontal,2025:11:28 21:31:43,2026-05-19T10:08:24,bbdc2884ca9945c02e11ba4b39f1233d3fc6f7994b4d1f1b0fb2e47a2cbc79e9
98,IMG_9429.jpg,wetransfer_honda-fest-2025_2026-05-18_2306/IMG_9429.jpg,honda-fest-2025,image,1861739,2048,1365,horizontal,2025:11:28 21:33:07,2026-05-19T10:08:57,8d8e6737606381400c79a99e3184760290622ba7310f13564c5a5f03a1047984
99,IMG_9433.jpg,wetransfer_honda-fest-2025_2026-05-18_2306/IMG_9433.jpg,honda-fest-2025,image,1906840,2048,1365,horizontal,2025:11:28 21:35:47,2026-05-19T10:08:25,b50ed96bda0799c5c79a1741dafee3ffd2ee35ffee22751376b5f66048e595e2
100,IMG_9436.jpg,wetransfer_honda-fest-2025_2026-05-18_2306/IMG_9436.jpg,honda-fest-2025,image,1782567,2048,1365,horizontal,2025:11:28 21:38:23,2026-05-19T10:08:20,04f97072a296a334717e1823e321f1715825fb9aa8c43651cf768585e71928ab
101,IMG_9439.jpg,wetransfer_honda-fest-2025_2026-05-18_2306/IMG_9439.jpg,honda-fest-2025,image,1824810,2048,1365,horizontal,2025:11:28 21:49:33,2026-05-19T10:09:04,9b6494c03c7fc4682831c878df7db42c78e8a897ec3664bcc6bca2c852af252f
102,IMG_9472.jpg,wetransfer_honda-fest-2025_2026-05-18_2306/IMG_9472.jpg,honda-fest-2025,image,1586965,2048,1365,horizontal,2025:11:28 21:47:14,2026-05-19T10:08:56,69ffd2d77672f5394861f0f6b1452a7942a5b53664c17d985b76195f18004e24
103,IMG_9480.jpg,wetransfer_honda-fest-2025_2026-05-18_2306/IMG_9480.jpg,honda-fest-2025,image,2770221,2048,1365,horizontal,2025:11:28 21:41:45,2026-05-19T10:08:30,e464834125ade7536730075c8171fb9af69f138540b3a20b816cee9f231d5d46
104,IMG_9529.jpg,wetransfer_honda-fest-2025_2026-05-18_2306/IMG_9529.jpg,honda-fest-2025,image,2029847,2048,1365,horizontal,2025:11:28 22:00:39,2026-05-19T10:08:46,eef14c123cf6c5b3f18c097f82907921baac427d98c1cdd72561305b2a0fe64f
105,IMG_9535.jpg,wetransfer_honda-fest-2025_2026-05-18_2306/IMG_9535.jpg,honda-fest-2025,image,2066099,2048,1365,horizontal,2025:11:28 22:02:33,2026-05-19T10:08:35,425a8204461b4a66a591928d0d5abd1c5e4c3be3949a88a98c5b9f4bb8e5656a
106,IMG_9610.jpg,wetransfer_honda-fest-2025_2026-05-18_2306/IMG_9610.jpg,honda-fest-2025,image,1861261,2048,1365,horizontal,2025:11:28 22:04:17,2026-05-19T10:09:01,d97d39bc838624e513891be3cc7b663a0d49c9a4e53917a62ce74937b0044818
107,IMG_9625.jpg,wetransfer_honda-fest-2025_2026-05-18_2306/IMG_9625.jpg,honda-fest-2025,image,2434839,2048,1365,horizontal,2025:11:28 22:07:45,2026-05-19T10:08:25,ecf1e78833827c558c25441c3e423e0557fb5e0a46ea7f304b70fc9876e31ad7
108,IMG_9634.jpg,wetransfer_honda-fest-2025_2026-05-18_2306/IMG_9634.jpg,honda-fest-2025,image,1831445,2048,1365,horizontal,2025:11:28 22:08:58,2026-05-19T10:08:20,fd2ee7ced47fe309be3c48ccc458e79b0c30fc576dfbeac08d12b132e3731c3d
109,IMG_9641.jpg,wetransfer_honda-fest-2025_2026-05-18_2306/IMG_9641.jpg,honda-fest-2025,image,1717290,2048,1365,horizontal,2025:11:28 22:11:52,2026-05-19T10:08:31,47ab564a31d7c4a0c64d8d7deceae3b1031a5be940b54e47361289ab438435eb
110,IMG_9659.jpg,wetransfer_honda-fest-2025_2026-05-18_2306/IMG_9659.jpg,honda-fest-2025,image,1566992,2048,1365,horizontal,2025:11:28 22:10:37,2026-05-19T10:08:55,b7b21bee9c9e0d7f78a2737ac3fed58571e6820727d70f9ef3f2ec4543998f78
111,IMG_9660.jpg,wetransfer_honda-fest-2025_2026-05-18_2306/IMG_9660.jpg,honda-fest-2025,image,1618892,2048,1365,horizontal,2025:11:29 21:59:00,2026-05-19T10:08:44,5e4c27a4e24735a4a139f800afb2524e7cae3e50bcf31e05ce682a446555b609
112,IMG_9784.jpg,wetransfer_honda-fest-2025_2026-05-18_2306/IMG_9784.jpg,honda-fest-2025,image,1537035,2048,1365,horizontal,2025:11:29 22:05:10,2026-05-19T10:08:28,659f38a7dc94103c578978bcb41cef44be1647f5e2116bac7de4734fec15c3d1
113,IMG_9875.jpg,wetransfer_honda-fest-2025_2026-05-18_2306/IMG_9875.jpg,honda-fest-2025,image,1685249,2048,1365,horizontal,2025:11:30 07:37:52,2026-05-19T10:08:39,eb1228b0737b7a186cb5e1b95fd5738f8cc296325bdfcb84756e5320d07484b9
114,IMG_9882.jpg,wetransfer_honda-fest-2025_2026-05-18_2306/IMG_9882.jpg,honda-fest-2025,image,1758047,2048,1365,horizontal,2025:11:29 22:26:24,2026-05-19T10:08:51,84681feceea7dcefa6a02030d9d6af169d2081742240dcd0bbcc9cf659e67279
115,IMG_9885.jpg,wetransfer_honda-fest-2025_2026-05-18_2306/IMG_9885.jpg,honda-fest-2025,image,1686232,2048,1365,horizontal,2025:11:29 22:20:19,2026-05-19T10:08:44,9bc45891100a9b3fb504b4e4beaff7133e85519cf1a9483e5d97ea99f637c8a3
116,IMG_9889.jpg,wetransfer_honda-fest-2025_2026-05-18_2306/IMG_9889.jpg,honda-fest-2025,image,1647366,2048,1365,horizontal,2025:11:30 07:38:44,2026-05-19T10:08:43,3f341f3d1da81c22557c81508ad27cb69160759a0000db1bd55170e418b99caf
117,IMG_9894.jpg,wetransfer_honda-fest-2025_2026-05-18_2306/IMG_9894.jpg,honda-fest-2025,image,1784793,2048,1365,horizontal,2025:11:29 22:28:24,2026-05-19T10:08:55,64fc8c34e666ed4a00c7215d5be8cc18b895a99b18f4a57fb3d56763234f0fd3
118,IMG_9925.jpg,wetransfer_honda-fest-2025_2026-05-18_2306/IMG_9925.jpg,honda-fest-2025,image,1567277,2048,1365,horizontal,2025:11:30 07:41:10,2026-05-19T10:08:49,3ce04f51796558d1f182753182b90fc2a803b5a36c9fb23067e56575e54adc9f
119,IMG_9948.jpg,wetransfer_honda-fest-2025_2026-05-18_2306/IMG_9948.jpg,honda-fest-2025,image,1684001,2048,1365,horizontal,2025:11:30 07:42:52,2026-05-19T10:08:27,ee6d96c29bc146862f96d11abb121e790b451156dd9ce953b644b2e2e039f080
120,IMG_9964.jpg,wetransfer_honda-fest-2025_2026-05-18_2306/IMG_9964.jpg,honda-fest-2025,image,2756980,2048,1365,horizontal,2025:11:30 07:45:25,2026-05-19T10:08:18,5cae53d2f73d0ba8aec9fe62ba8abbc79437b99eb44ec822452d0d2e72ec1dae
121,IMG_9967.jpg,wetransfer_honda-fest-2025_2026-05-18_2306/IMG_9967.jpg,honda-fest-2025,image,2523908,2048,1365,horizontal,2025:11:30 07:46:46,2026-05-19T10:08:22,a28bc9cb2ea0e3c95ef146ae46af3b67d9ee4656f34ebd1e67ca707609ac15d2
122,IMG_9970.jpg,wetransfer_honda-fest-2025_2026-05-18_2306/IMG_9970.jpg,honda-fest-2025,image,2425104,2048,1365,horizontal,2025:11:30 07:48:38,2026-05-19T10:08:18,afca45f9a1d9d6d77e7a7377bab88cca69ac37a4f10f6e0c5e82ca376141b9bc
123,IMG_9974.jpg,wetransfer_honda-fest-2025_2026-05-18_2306/IMG_9974.jpg,honda-fest-2025,image,2400945,2048,1365,horizontal,2025:11:30 07:50:12,2026-05-19T10:08:27,d5b912858b5b8ccaf3202bca0e2b9c2450b0d2dc3c8d86bae9e636f132cb1410
124,IMG_9976.jpg,wetransfer_honda-fest-2025_2026-05-18_2306/IMG_9976.jpg,honda-fest-2025,image,2723100,2048,1365,horizontal,2025:11:30 07:51:01,2026-05-19T10:08:26,6a36c158aad91c41d3e60be42d0255e4b2f0f3c65d7192e79dac63b34f2693aa
125,IMG_9994.jpg,wetransfer_honda-fest-2025_2026-05-18_2306/IMG_9994.jpg,honda-fest-2025,image,2600775,2048,1365,horizontal,2025:11:30 07:52:44,2026-05-19T10:09:03,8fa93ea766777f8b498ec1e6d9a72c77c760401d3e84f8f4c8faf117788a52ed
126,IMG_9998.jpg,wetransfer_honda-fest-2025_2026-05-18_2306/IMG_9998.jpg,honda-fest-2025,image,1668019,2048,1365,horizontal,2025:11:30 07:53:14,2026-05-19T10:08:22,35ebd4faa87a45fe5f700c98fec4b7466fae863a288fa5d014ee950d4bdfe462
127,IMG_0769.jpg,wetransfer_img_0769-jpg_2026-05-17_0109/IMG_0769.jpg,honda-fest-2025-seleccion,image,1496898,2048,1365,horizontal,2026:05:13 20:48:47,2026-05-19T10:09:48,4533dcc48ff9f7b30fd097002cc87c855d474c297af49a234f66781d1e0806e5
128,IMG_0772.jpg,wetransfer_img_0769-jpg_2026-05-17_0109/IMG_0772.jpg,honda-fest-2025-seleccion,image,2272206,2048,1365,horizontal,2026:05:13 20:50:09,2026-05-19T10:09:08,ad2c7c5f4886b721510712aaa54032809efb3f451e065f330b5b1bc53e2efbd0
129,IMG_0789.jpg,wetransfer_img_0769-jpg_2026-05-17_0109/IMG_0789.jpg,honda-fest-2025-seleccion,image,2808200,2048,1365,horizontal,2026:05:13 20:52:12,2026-05-19T10:09:20,70a8ee268fac80bae8006648ae7d155663802fce8d8aa13c5d0058f9289f7d3e
130,IMG_0794.jpg,wetransfer_img_0769-jpg_2026-05-17_0109/IMG_0794.jpg,honda-fest-2025-seleccion,image,1880202,2048,1365,horizontal,2026:05:13 20:56:40,2026-05-19T10:09:55,ee7582013a4655530ffcb1d51e4c6cf9d2dda587d88a8c73a217c2df6da7ce9b
131,IMG_0796.jpg,wetransfer_img_0769-jpg_2026-05-17_0109/IMG_0796.jpg,honda-fest-2025-seleccion,image,2361662,2048,1365,horizontal,2026:05:13 20:57:52,2026-05-19T10:09:48,382f8abef815ec3b6445f2cff49ece5539490176d1068a58aa4c68b25b55fbae
132,IMG_0808.jpg,wetransfer_img_0769-jpg_2026-05-17_0109/IMG_0808.jpg,honda-fest-2025-seleccion,image,1750368,2048,1365,horizontal,2026:05:13 20:55:19,2026-05-19T10:09:10,0d3ef5ff9d68ce9285e774bee4f936f44a5b9a22cc88ba7a1d92e3c14370b19a
133,IMG_0822.jpg,wetransfer_img_0769-jpg_2026-05-17_0109/IMG_0822.jpg,honda-fest-2025-seleccion,image,2235329,2048,1365,horizontal,2026:05:13 20:58:59,2026-05-19T10:09:12,12d4427658a7ddde6e26d0c9bd092dd1888c32a259f2147b1ca58f462fd4bdb9
134,IMG_0833.jpg,wetransfer_img_0769-jpg_2026-05-17_0109/IMG_0833.jpg,honda-fest-2025-seleccion,image,2877448,2048,1365,horizontal,2026:05:13 21:00:18,2026-05-19T10:09:14,7aa5bb9d2aebd912f28f867184efe436529ae6334b3f733e22835f2436454975
135,IMG_0838.jpg,wetransfer_img_0769-jpg_2026-05-17_0109/IMG_0838.jpg,honda-fest-2025-seleccion,image,2429647,2048,1365,horizontal,2026:05:13 21:01:35,2026-05-19T10:09:52,1ec1aa5139b0f980e5bfeb23533dca1aa40dfb36de26607b2efd1d3139bf1374
136,IMG_0840.jpg,wetransfer_img_0769-jpg_2026-05-17_0109/IMG_0840.jpg,honda-fest-2025-seleccion,image,2304788,2048,1365,horizontal,2026:05:13 21:02:55,2026-05-19T10:09:24,c1eebc05e7fef1f90048ab7ef12ef8a6eb28eea851237f2ce636b2319ddf87c7
137,IMG_0854.jpg,wetransfer_img_0769-jpg_2026-05-17_0109/IMG_0854.jpg,honda-fest-2025-seleccion,image,2284176,2048,1365,horizontal,2026:05:13 21:04:12,2026-05-19T10:09:25,fe4a24dcc4d3be5c756528c68a2a1b742473b888f8129dc72c3b37560e7999cf
138,IMG_0857.jpg,wetransfer_img_0769-jpg_2026-05-17_0109/IMG_0857.jpg,honda-fest-2025-seleccion,image,1543940,2048,1365,horizontal,2026:05:13 21:05:27,2026-05-19T10:09:21,048505011d194613f7e2f2b800353ebbd382872764e712bfcc8a8b108266981d
139,IMG_0867.jpg,wetransfer_img_0769-jpg_2026-05-17_0109/IMG_0867.jpg,honda-fest-2025-seleccion,image,2518164,2048,1365,horizontal,2026:05:13 21:06:43,2026-05-19T10:09:44,935795ff096348d817616768a27a9c5276267ce0b5630bddd5b3e655b36da4e3
140,IMG_0920.jpg,wetransfer_img_0769-jpg_2026-05-17_0109/IMG_0920.jpg,honda-fest-2025-seleccion,image,1816688,2048,1365,horizontal,2026:05:13 21:18:02,2026-05-19T10:09:26,5d43a52985887eda9e2d1f6eb89b38d4d94d813616202ac39bef7342830488ad
141,IMG_0925.jpg,wetransfer_img_0769-jpg_2026-05-17_0109/IMG_0925.jpg,honda-fest-2025-seleccion,image,2002544,2048,1365,horizontal,2026:05:13 21:16:48,2026-05-19T10:09:29,4e7810093ab9fd695062e4444f9124c874587ef8320076a87432d0f933d7cc5a
142,IMG_0927.jpg,wetransfer_img_0769-jpg_2026-05-17_0109/IMG_0927.jpg,honda-fest-2025-seleccion,image,2390084,2048,1365,horizontal,2026:05:13 21:14:01,2026-05-19T10:09:30,bf74285cddc366aff8807a7f5f719765a8e78e111c6fe60919904de1d0d46fb1
143,IMG_0930.jpg,wetransfer_img_0769-jpg_2026-05-17_0109/IMG_0930.jpg,honda-fest-2025-seleccion,image,1549623,2048,1365,horizontal,2026:05:13 21:28:49,2026-05-19T10:09:27,7aea67041512f8de5362bd1f5459e9f87f19004122afd715a41ee4fdc960000e
144,IMG_0933.jpg,wetransfer_img_0769-jpg_2026-05-17_0109/IMG_0933.jpg,honda-fest-2025-seleccion,image,1520172,2048,1365,horizontal,2026:05:13 21:46:21,2026-05-19T10:09:30,f92cdcca699829e881fd5b3bfb970be209ba299d552a67e86df6c7bca67218d0
145,IMG_0941.jpg,wetransfer_img_0769-jpg_2026-05-17_0109/IMG_0941.jpg,honda-fest-2025-seleccion,image,1515197,2048,1365,horizontal,2026:05:13 21:31:25,2026-05-19T10:09:07,f89adee6edf6f884c55bf7188bf30a1d969cfae7cf563447efe93f84fb7411f3
146,IMG_0952.jpg,wetransfer_img_0769-jpg_2026-05-17_0109/IMG_0952.jpg,honda-fest-2025-seleccion,image,1550014,2048,1365,horizontal,2026:05:13 21:35:51,2026-05-19T10:09:16,fbd7e6b870d8ba552376c1cca1b63253bf839b18c7955782f871c88ece8a555c
147,IMG_1018.jpg,wetransfer_img_0769-jpg_2026-05-17_0109/IMG_1018.jpg,honda-fest-2025-seleccion,image,1505881,2048,1365,horizontal,2026:05:13 21:48:40,2026-05-19T10:09:28,64082dfdce0f7623017e1cfca7b5e58fd318d0af4ebb28a8bfa23c1df6e6cde2
148,IMG_1028.jpg,wetransfer_img_0769-jpg_2026-05-17_0109/IMG_1028.jpg,honda-fest-2025-seleccion,image,1383726,2048,1365,horizontal,2026:05:13 21:39:59,2026-05-19T10:09:39,5f1e0358784894e7f76048aa8bd7fa338cb05837521cea00033bf02e6e3ab842
149,IMG_1070.jpg,wetransfer_img_0769-jpg_2026-05-17_0109/IMG_1070.jpg,honda-fest-2025-seleccion,image,2341447,2048,1365,horizontal,2026:05:14 19:09:20,2026-05-19T10:09:52,5f28e99766e758e720e36b5d227e884e0017bc494dfe8b5662b1730f3a256330
150,IMG_1076.jpg,wetransfer_img_0769-jpg_2026-05-17_0109/IMG_1076.jpg,honda-fest-2025-seleccion,image,1765872,2048,1365,horizontal,2026:05:14 19:10:41,2026-05-19T10:09:46,1fea956f4c0daf14f2dafd24c233899c3ad83a0284cb01bab8ac84a4dcdb9451
151,IMG_1093.jpg,wetransfer_img_0769-jpg_2026-05-17_0109/IMG_1093.jpg,honda-fest-2025-seleccion,image,1322059,2048,1365,horizontal,2026:05:14 19:31:00,2026-05-19T10:09:19,645ba18904ef6f023d30e719e18f41273361890638c0684cc92792b66e961492
152,IMG_1111.jpg,wetransfer_img_0769-jpg_2026-05-17_0109/IMG_1111.jpg,honda-fest-2025-seleccion,image,1892854,2048,1365,horizontal,2026:05:14 19:26:46,2026-05-19T10:09:53,cf184894f797cf70fde11dd4b3d4c7d6b614271d503a87048ba9b4105d507bf4
153,IMG_1120.jpg,wetransfer_img_0769-jpg_2026-05-17_0109/IMG_1120.jpg,honda-fest-2025-seleccion,image,1766536,2048,1365,horizontal,2026:05:14 19:29:32,2026-05-19T10:09:10,d81b0ef13013df0cf28544550387523e8aa0a0ccd8697d2fc3011f006c517ea8
154,IMG_1124.jpg,wetransfer_img_0769-jpg_2026-05-17_0109/IMG_1124.jpg,honda-fest-2025-seleccion,image,1737760,2048,1365,horizontal,2026:05:14 19:19:00,2026-05-19T10:09:19,a9c6a52b55687f4e7fd3bdc5c89a4300ea7cbf26f658ca19879346fdfbd03693
155,IMG_1149.jpg,wetransfer_img_0769-jpg_2026-05-17_0109/IMG_1149.jpg,honda-fest-2025-seleccion,image,2043799,2048,1365,horizontal,2026:05:14 19:28:13,2026-05-19T10:09:37,1df900e2c1384fbe50a464a54124b12a02bd6402ce935a3c49c1a4b0722cc7f9
156,IMG_1202.jpg,wetransfer_img_0769-jpg_2026-05-17_0109/IMG_1202.jpg,honda-fest-2025-seleccion,image,1905370,2048,1365,horizontal,2026:05:14 20:36:16,2026-05-19T10:09:38,754ad567c5bfe7339343522265877bc945977a1101d344bb0e9daa87a095abc0
157,IMG_1313.jpg,wetransfer_img_0769-jpg_2026-05-17_0109/IMG_1313.jpg,honda-fest-2025-seleccion,image,1700585,2048,1365,horizontal,2026:05:14 20:46:56,2026-05-19T10:09:54,3dfd09bf45dd4f87d344d2ccbb7d5af7f2660f1ce6b7a464bf582645fc8fc309
158,IMG_1321.jpg,wetransfer_img_0769-jpg_2026-05-17_0109/IMG_1321.jpg,honda-fest-2025-seleccion,image,1473103,2048,1365,horizontal,2026:05:14 20:49:09,2026-05-19T10:09:11,63a886461b5991280521553b5407c1044ab57ff601a24a73ca12b173e45d42f9
159,IMG_1334.jpg,wetransfer_img_0769-jpg_2026-05-17_0109/IMG_1334.jpg,honda-fest-2025-seleccion,image,1446041,2048,1365,horizontal,2026:05:14 20:53:39,2026-05-19T10:09:13,8b0c8dfe0fa2eff9b71d50c2ad9c8cfb508594daec4c440331eb278eb51fa252
160,IMG_1348.jpg,wetransfer_img_0769-jpg_2026-05-17_0109/IMG_1348.jpg,honda-fest-2025-seleccion,image,1378478,2048,1365,horizontal,2026:05:14 20:51:42,2026-05-19T10:09:32,69fe2f55c38de4297ae3b75fa7e30441f600e3f43ba81f2e9e48e00970c73393
161,IMG_1377.jpg,wetransfer_img_0769-jpg_2026-05-17_0109/IMG_1377.jpg,honda-fest-2025-seleccion,image,1530509,2048,1365,horizontal,2026:05:14 20:55:12,2026-05-19T10:09:36,3294e1fdb323ef75b2b7955a9ad48d1226bd8d696d24b85b06f437bdefa8e0b0
162,IMG_1401.jpg,wetransfer_img_0769-jpg_2026-05-17_0109/IMG_1401.jpg,honda-fest-2025-seleccion,image,2042412,2048,1365,horizontal,2026:05:14 20:56:43,2026-05-19T10:09:43,2f7e6bfa326aa5eb4b0454fb742c0ce45e7ced69f9bd866a4aa23727064ec04a
163,IMG_1404.jpg,wetransfer_img_0769-jpg_2026-05-17_0109/IMG_1404.jpg,honda-fest-2025-seleccion,image,2397538,2048,1365,horizontal,2026:05:14 20:57:50,2026-05-19T10:09:40,59f483c89d9fe04fb3f504911c5fb391e3dee20fa9bf8ebdd2739b69ca8d58b4
164,IMG_1412.jpg,wetransfer_img_0769-jpg_2026-05-17_0109/IMG_1412.jpg,honda-fest-2025-seleccion,image,2176648,2048,1365,horizontal,2026:05:14 20:59:07,2026-05-19T10:09:32,59317c5c1a9debe66a3df5d64706926bde7bc6b184dc9420a050f7ba46d5def9
165,IMG_1417.jpg,wetransfer_img_0769-jpg_2026-05-17_0109/IMG_1417.jpg,honda-fest-2025-seleccion,image,1461131,2048,1365,horizontal,2026:05:14 21:00:02,2026-05-19T10:09:43,13b16ef0c7e0dcc4b4268392117fe50fd107b2f42eb2bcc8f2612175a7b4b2ec
166,IMG_1421.jpg,wetransfer_img_0769-jpg_2026-05-17_0109/IMG_1421.jpg,honda-fest-2025-seleccion,image,1770862,2048,1365,horizontal,2026:05:14 21:01:40,2026-05-19T10:09:27,5dc8739febf541727ca9f5ed3155ff48000247646adebe72e47b8cdcbe45852a
167,IMG_1425.jpg,wetransfer_img_0769-jpg_2026-05-17_0109/IMG_1425.jpg,honda-fest-2025-seleccion,image,1794948,2048,1365,horizontal,2026:05:14 21:05:20,2026-05-19T10:09:26,9abfe54fc267acb861d77f90718d9fb42de555d7c83524f0fc9d1c33849a54e3
168,IMG_1433.jpg,wetransfer_img_0769-jpg_2026-05-17_0109/IMG_1433.jpg,honda-fest-2025-seleccion,image,1958763,2048,1365,horizontal,2026:05:14 21:06:59,2026-05-19T10:09:20,cda0d6afca49d6ede36c2d4581fb510b9a89f46a004a65327f50e62a17afc75a
169,IMG_1439.jpg,wetransfer_img_0769-jpg_2026-05-17_0109/IMG_1439.jpg,honda-fest-2025-seleccion,image,2496759,2048,1365,horizontal,2026:05:14 21:08:21,2026-05-19T10:09:36,427981e2f17dc9206888a533a011224a4619f5833ab408403a853d08c6bcfab9
170,IMG_1445.jpg,wetransfer_img_0769-jpg_2026-05-17_0109/IMG_1445.jpg,honda-fest-2025-seleccion,image,1973029,2048,1365,horizontal,2026:05:14 21:10:18,2026-05-19T10:09:11,192c331543be61cce88b2c4ba061a98c063adae5b21d4d29292b443ad3e27679
171,IMG_1451.jpg,wetransfer_img_0769-jpg_2026-05-17_0109/IMG_1451.jpg,honda-fest-2025-seleccion,image,1925633,2048,1365,horizontal,2026:05:14 21:12:09,2026-05-19T10:09:11,b12cddb09e62f60c9e93aa59bf95a31cfe779b68212c9880b58ca6e23f79823e
172,IMG_1455.jpg,wetransfer_img_0769-jpg_2026-05-17_0109/IMG_1455.jpg,honda-fest-2025-seleccion,image,2068121,2048,1365,horizontal,2026:05:14 21:47:44,2026-05-19T10:09:16,221b6a8ac40b7d1100d02d5face938024138ea4292351693e3c776d3cf2a8822
173,IMG_1459.jpg,wetransfer_img_0769-jpg_2026-05-17_0109/IMG_1459.jpg,honda-fest-2025-seleccion,image,1951644,2048,1365,horizontal,2026:05:14 21:11:01,2026-05-19T10:09:45,9dfecc36374d9ad1b158547fcf1f0fe8a23e93b9157ce1cdc5a0c1965369c7ee
174,IMG_1536.jpg,wetransfer_img_0769-jpg_2026-05-17_0109/IMG_1536.jpg,honda-fest-2025-seleccion,image,1532265,2048,1365,horizontal,2026:05:15 21:42:19,2026-05-19T10:09:14,083eb48452015f71caaf392bf01c9a276bef4072c22fe6fff4b765644c1967f2
175,IMG_1550.jpg,wetransfer_img_0769-jpg_2026-05-17_0109/IMG_1550.jpg,honda-fest-2025-seleccion,image,1614610,2048,1365,horizontal,2026:05:15 21:39:55,2026-05-19T10:09:24,05fbb08bc5ffaddd6c1e3f07eb30a236b73e443f1bbde1eff2e1d1454029a061
176,IMG_1565.jpg,wetransfer_img_0769-jpg_2026-05-17_0109/IMG_1565.jpg,honda-fest-2025-seleccion,image,1449705,2048,1365,horizontal,2026:05:15 21:44:11,2026-05-19T10:09:38,0dfc7e06c0b535f8c47916743c41adf680c2e4e1a1c0f8e35ea27b90970cef1f
177,IMG_1608.jpg,wetransfer_img_0769-jpg_2026-05-17_0109/IMG_1608.jpg,honda-fest-2025-seleccion,image,1661570,2048,1365,horizontal,2026:05:15 21:45:51,2026-05-19T10:09:30,42ffe4f05b0ea5631ab22a2b2e32ef3f73b3f7ac4044a48e478e6b8e5bb3b7ce
178,IMG_1641.jpg,wetransfer_img_0769-jpg_2026-05-17_0109/IMG_1641.jpg,honda-fest-2025-seleccion,image,1967868,2048,1365,horizontal,2026:05:15 21:48:37,2026-05-19T10:09:16,94264bdd44198a2075e9b495cdcf76e089320c1a16130c07f507da684c82e44a
179,IMG_1683.jpg,wetransfer_img_0769-jpg_2026-05-17_0109/IMG_1683.jpg,honda-fest-2025-seleccion,image,2087895,2048,1365,horizontal,2026:05:15 21:49:55,2026-05-19T10:09:13,1a9d4ce571286fa909b5789ffa23d1db249e8552c3c5aeb412ec964054469e43
180,IMG_1688.jpg,wetransfer_img_0769-jpg_2026-05-17_0109/IMG_1688.jpg,honda-fest-2025-seleccion,image,2011957,2048,1365,horizontal,2026:05:15 21:50:58,2026-05-19T10:09:54,494c74d7dd1d658e3652f534fcb1d335cb53505cdb404474a6dcdce1a07f966e
181,IMG_1737.jpg,wetransfer_img_0769-jpg_2026-05-17_0109/IMG_1737.jpg,honda-fest-2025-seleccion,image,2026124,2048,1365,horizontal,2026:05:15 21:51:58,2026-05-19T10:09:18,ff9511a6995f3b4cd9be8bc0e463d4d9456b313c77ced21807a1f9f77963be6c
182,IMG_1800.jpg,wetransfer_img_0769-jpg_2026-05-17_0109/IMG_1800.jpg,honda-fest-2025-seleccion,image,1972455,2048,1365,horizontal,2026:05:15 21:53:42,2026-05-19T10:09:26,7cf9370b882977c7818dc1b9a30a62879d2d8097d6f7252122aae33e62abab45
183,IMG_1815.jpg,wetransfer_img_0769-jpg_2026-05-17_0109/IMG_1815.jpg,honda-fest-2025-seleccion,image,2824215,2048,1365,horizontal,2026:05:15 22:02:21,2026-05-19T10:09:22,d2a1bf7d74186099660b593774735aee3133db4e8ae4788cc1c4c72548946baa
184,IMG_1861.jpg,wetransfer_img_0769-jpg_2026-05-17_0109/IMG_1861.jpg,honda-fest-2025-seleccion,image,1845661,2048,1365,horizontal,2026:05:15 22:04:34,2026-05-19T10:09:09,aa7d6e288aaa86d80e53b1bef8ee20118b79bce265e645d7b073068c7b811592
185,IMG_1890.jpg,wetransfer_img_0769-jpg_2026-05-17_0109/IMG_1890.jpg,honda-fest-2025-seleccion,image,2106922,2048,1365,horizontal,2026:05:15 22:06:33,2026-05-19T10:09:50,ddb3d897db3b7cc6b6dc25e44ff6a883f7eaad1242dc7906ddc44d3ea66b7a52
186,IMG_1964.jpg,wetransfer_img_0769-jpg_2026-05-17_0109/IMG_1964.jpg,honda-fest-2025-seleccion,image,2016197,2048,1365,horizontal,2026:05:15 22:11:47,2026-05-19T10:09:28,37350178b6dd08d75ae85debbbdf07ef8c2094b419a5339ae613ea659cdefbeb
187,IMG_1980.jpg,wetransfer_img_0769-jpg_2026-05-17_0109/IMG_1980.jpg,honda-fest-2025-seleccion,image,2348885,2048,1365,horizontal,2026:05:15 22:13:40,2026-05-19T10:09:33,0b356a44174b70f15baedafe13165fac955cd811ce8bc76954fd267dabd93b96
188,IMG_2028.jpg,wetransfer_img_0769-jpg_2026-05-17_0109/IMG_2028.jpg,honda-fest-2025-seleccion,image,1650293,2048,1365,horizontal,2026:05:15 22:18:19,2026-05-19T10:09:18,d6f7a07556ad8d8f98d78abb719b47ae2cf637d31533984df44dfd30f1db9ab7
189,IMG_2036.jpg,wetransfer_img_0769-jpg_2026-05-17_0109/IMG_2036.jpg,honda-fest-2025-seleccion,image,1957851,2048,1365,horizontal,2026:05:15 22:20:34,2026-05-19T10:09:49,51b63e9ba059ff1211d038b93df2d363b298cf03aaf86e9c8a985daa54602ece
190,IMG_2050.jpg,wetransfer_img_0769-jpg_2026-05-17_0109/IMG_2050.jpg,honda-fest-2025-seleccion,image,2336853,2048,1365,horizontal,2026:05:15 22:24:06,2026-05-19T10:09:37,94938696eac3df0566756a2195430bd3ccb37c5789a6c3a5ee0a18134e994b04
191,IMG_2062.jpg,wetransfer_img_0769-jpg_2026-05-17_0109/IMG_2062.jpg,honda-fest-2025-seleccion,image,1725865,2048,1365,horizontal,2026:05:15 22:27:25,2026-05-19T10:09:31,c72880354c47cc59d1ae2ae0d06f879fb3c7978af227a9f0653ce77c96852252
192,IMG_2065.jpg,wetransfer_img_0769-jpg_2026-05-17_0109/IMG_2065.jpg,honda-fest-2025-seleccion,image,2552939,2048,1365,horizontal,2026:05:15 22:35:22,2026-05-19T10:09:23,10c15352fd4624e932f59d4c85e6a72f6ff669f13d70bebf105c080db5352255
193,IMG_2077.jpg,wetransfer_img_0769-jpg_2026-05-17_0109/IMG_2077.jpg,honda-fest-2025-seleccion,image,2366541,2048,1365,horizontal,2026:05:15 22:37:37,2026-05-19T10:09:31,2c528e6bea66190a056e0cd82a0d353eaf3178376d9828ff997191273ee0c125
194,IMG_2114.jpg,wetransfer_img_0769-jpg_2026-05-17_0109/IMG_2114.jpg,honda-fest-2025-seleccion,image,1677874,2048,1365,horizontal,2026:05:15 22:39:19,2026-05-19T10:09:28,8978e3b93d39cfc52dee42762b48d2f9b5291fde26856347592dffbc50b2019d
195,IMG_2126.jpg,wetransfer_img_0769-jpg_2026-05-17_0109/IMG_2126.jpg,honda-fest-2025-seleccion,image,2210845,2048,1365,horizontal,2026:05:15 22:42:15,2026-05-19T10:09:35,394a645e057da65273dc53b6b7a580c1f2b351752f10fd221e3cf93e9e17da54
196,IMG_2131.jpg,wetransfer_img_0769-jpg_2026-05-17_0109/IMG_2131.jpg,honda-fest-2025-seleccion,image,1587010,2048,1365,horizontal,2026:05:16 12:12:49,2026-05-19T10:09:40,af8e6d5c32d79056dcdcec561967f8c52fb0890fbf494e9bec13f2633192ed96
197,IMG_2169.jpg,wetransfer_img_0769-jpg_2026-05-17_0109/IMG_2169.jpg,honda-fest-2025-seleccion,image,2412120,2048,1365,horizontal,2026:05:16 12:14:12,2026-05-19T10:09:51,3a06fbd6c54d9694f99a32474c04d37b4a2a2d643279e97dc14795869bce2d69
198,IMG_2193.jpg,wetransfer_img_0769-jpg_2026-05-17_0109/IMG_2193.jpg,honda-fest-2025-seleccion,image,1726702,2048,1365,horizontal,2026:05:16 12:15:40,2026-05-19T10:09:44,21ac9183aba11bbb141987d91d81012c198deac4dfaddb5d21e813bcae2baaee
199,IMG_2259.jpg,wetransfer_img_0769-jpg_2026-05-17_0109/IMG_2259.jpg,honda-fest-2025-seleccion,image,1518199,2048,1365,horizontal,2026:05:16 12:17:54,2026-05-19T10:09:21,af527a8836f68d0e1661fcf246d1cd909b6bd52b41a01c1bdb9c7a0eb481ebca
200,IMG_2324.jpg,wetransfer_img_0769-jpg_2026-05-17_0109/IMG_2324.jpg,honda-fest-2025-seleccion,image,1666717,2048,1365,horizontal,2026:05:16 12:19:11,2026-05-19T10:09:34,be85b275c47bd75ad0a905a773f54ab69a5c78442fa75b1ebe2f12c2fec45a47
201,IMG_2334.jpg,wetransfer_img_0769-jpg_2026-05-17_0109/IMG_2334.jpg,honda-fest-2025-seleccion,image,2064917,2048,1365,horizontal,2026:05:16 12:20:20,2026-05-19T10:09:43,f77bc4a2f77eeb0741f1fd8c393b87c7364533586b44194929eb07dec555bed3
202,IMG_2367.jpg,wetransfer_img_0769-jpg_2026-05-17_0109/IMG_2367.jpg,honda-fest-2025-seleccion,image,1795719,2048,1365,horizontal,2026:05:16 18:04:41,2026-05-19T10:09:09,3132dd8cb1376dbcd3fa8c74a26908500ecd296668e056aa01445512fa6beac0
203,IMG_2378.jpg,wetransfer_img_0769-jpg_2026-05-17_0109/IMG_2378.jpg,honda-fest-2025-seleccion,image,2298334,2048,1365,horizontal,2026:05:16 12:21:59,2026-05-19T10:09:46,de8a3197519dfda52d8e1eeedc59bf37779cc54a91df7ca9d040d9392f711d50
204,IMG_2393.jpg,wetransfer_img_0769-jpg_2026-05-17_0109/IMG_2393.jpg,honda-fest-2025-seleccion,image,2057660,2048,1365,horizontal,2026:05:16 12:23:11,2026-05-19T10:09:47,762de9df8799faa6139ddd6c1ef47c4dc257bf4cd8b4de88e38f9f7de92262c8
205,IMG_2422.jpg,wetransfer_img_0769-jpg_2026-05-17_0109/IMG_2422.jpg,honda-fest-2025-seleccion,image,2290990,2048,1365,horizontal,2026:05:16 12:24:33,2026-05-19T10:09:47,7a5e2fdb6d477ee07b9e0c2a2e37c67ecf33e0bb50d84ebf31cc4380c5a0b0ac
206,IMG_2448.jpg,wetransfer_img_0769-jpg_2026-05-17_0109/IMG_2448.jpg,honda-fest-2025-seleccion,image,2375969,2048,1365,horizontal,2026:05:16 12:35:31,2026-05-19T10:09:25,7c3d8aa74f69c349889f909be9172dcf11f27806c1b3a0de92c85927277544c5
207,IMG_2617.jpg,wetransfer_img_0769-jpg_2026-05-17_0109/IMG_2617.jpg,honda-fest-2025-seleccion,image,1814335,2048,1365,horizontal,2026:05:16 12:41:41,2026-05-19T10:09:08,039a3b2c3b6174adacb3151da2f1090e5d5b0b32ebfb25ed2ec0403b3df2257d
208,IMG_2643.jpg,wetransfer_img_0769-jpg_2026-05-17_0109/IMG_2643.jpg,honda-fest-2025-seleccion,image,1658845,2048,1365,horizontal,2026:05:16 13:13:14,2026-05-19T10:09:40,7b70b33b6ce0b4de11ab20976ae884c27aa69ac27a7a7b393d4ed5e10331336e
209,IMG_2647.jpg,wetransfer_img_0769-jpg_2026-05-17_0109/IMG_2647.jpg,honda-fest-2025-seleccion,image,1672440,2048,1365,horizontal,2026:05:16 14:47:54,2026-05-19T10:09:41,2c68dc9e7cebbfddb8c64d1c3aecbff3a7d3c2881dd173fe43a3ca440e2ca4a9
210,IMG_2656.jpg,wetransfer_img_0769-jpg_2026-05-17_0109/IMG_2656.jpg,honda-fest-2025-seleccion,image,1910263,2048,1365,horizontal,2026:05:16 14:50:09,2026-05-19T10:09:35,a5c21172aad847f7d66e8e6d5d13cf5089f2d01e676a28948b49080fd38a74ac
211,IMG_2721.jpg,wetransfer_img_0769-jpg_2026-05-17_0109/IMG_2721.jpg,honda-fest-2025-seleccion,image,1555678,2048,1365,horizontal,2026:05:16 15:30:15,2026-05-19T10:09:34,a4ad09049ad2b642ae9fec1057bf45af6644f592342445f288e2a215bde80f42
212,IMG_2818.jpg,wetransfer_img_0769-jpg_2026-05-17_0109/IMG_2818.jpg,honda-fest-2025-seleccion,image,1883778,2048,1365,horizontal,2026:05:16 18:08:10,2026-05-19T10:09:06,303fc4c20e5591dba853ae6159cfbb87e84114c20168141fbe6be5cf74445bd0
213,IMG_2824.jpg,wetransfer_img_0769-jpg_2026-05-17_0109/IMG_2824.jpg,honda-fest-2025-seleccion,image,1715531,2048,1365,horizontal,2026:05:16 18:09:20,2026-05-19T10:09:07,2de8586db7d408ae49f18b72e8497028107ed7558b4829f268523b2cc383d304
214,IMG_2830.jpg,wetransfer_img_0769-jpg_2026-05-17_0109/IMG_2830.jpg,honda-fest-2025-seleccion,image,1566463,2048,1365,horizontal,2026:05:16 18:10:33,2026-05-19T10:09:07,920dfc94f00cae036342cf833602926567eccf989d937363a0ee26839725e1b5
215,IMG_2900.jpg,wetransfer_img_0769-jpg_2026-05-17_0109/IMG_2900.jpg,honda-fest-2025-seleccion,image,1220281,2048,1365,horizontal,2026:05:16 18:13:22,2026-05-19T10:09:42,b535489fb7f4ac003296065d1037edce4b9a6155ce7ab619e71dadeea377046f
216,IMG_2906.jpg,wetransfer_img_0769-jpg_2026-05-17_0109/IMG_2906.jpg,honda-fest-2025-seleccion,image,1558612,2048,1365,horizontal,2026:05:16 18:14:47,2026-05-19T10:09:33,9ef1ac2dd313ae9b338eb8bfb7228a208f8a485e0beb2abed19a633b1a8b1c9c
217,IMG_2915.jpg,wetransfer_img_0769-jpg_2026-05-17_0109/IMG_2915.jpg,honda-fest-2025-seleccion,image,1863513,2048,1365,horizontal,2026:05:16 18:12:53,2026-05-19T10:09:42,4aaa98835b62859f6711a498122f990ae3058f4bbee5aacf2e72d95f5c5978e9
218,IMG_2988.jpg,wetransfer_img_0769-jpg_2026-05-17_0109/IMG_2988.jpg,honda-fest-2025-seleccion,image,1854846,2048,1365,horizontal,2026:05:16 20:28:50,2026-05-19T10:09:50,e7d77f4d848e2d738720217c684f674a69dcb2b03ea1dc9ef701b8306844c3d3
219,IMG_2995.jpg,wetransfer_img_0769-jpg_2026-05-17_0109/IMG_2995.jpg,honda-fest-2025-seleccion,image,1514392,2048,1365,horizontal,2026:05:16 20:30:22,2026-05-19T10:09:15,0c4df610bf8e22fd036f46fac2b89af06ed989c2788d951a486e6a7a2fa1568c
220,IMG_3048.jpg,wetransfer_img_0769-jpg_2026-05-17_0109/IMG_3048.jpg,honda-fest-2025-seleccion,image,1714201,2048,1365,horizontal,2026:05:16 20:32:48,2026-05-19T10:09:53,b8239e38b0abf1cc4c4a63bac33103920d2106ac6cb78b2cb2977c9bee853390
221,IMG_3054.jpg,wetransfer_img_0769-jpg_2026-05-17_0109/IMG_3054.jpg,honda-fest-2025-seleccion,image,1596039,2048,1365,horizontal,2026:05:16 20:34:03,2026-05-19T10:09:17,7105c65becf37ce0c95db7dde8bd212cb35567ef843c88413427222cb1d044f5
222,IMG_3074.jpg,wetransfer_img_0769-jpg_2026-05-17_0109/IMG_3074.jpg,honda-fest-2025-seleccion,image,1911566,2048,1365,horizontal,2026:05:16 20:35:47,2026-05-19T10:09:53,bd1fa8054c2626e3bf2b5e2b8ddbdfc879741495f1ba99a458b0d92aa1ba6f68
223,IMG_3108.jpg,wetransfer_img_0769-jpg_2026-05-17_0109/IMG_3108.jpg,honda-fest-2025-seleccion,image,1832672,2048,1365,horizontal,2026:05:16 20:36:57,2026-05-19T10:09:18,1f2ef60c1a17df34af45b89b0c27216fef399e07ea1f82ae96b28e75df4cdba7
224,IMG_3118.jpg,wetransfer_img_0769-jpg_2026-05-17_0109/IMG_3118.jpg,honda-fest-2025-seleccion,image,1704741,2048,1365,horizontal,2026:05:16 20:37:45,2026-05-19T10:09:10,73e52ef80bc8cb390d5bbb20f2bb53be25a52159985e2bbb0f2065cfc26c8457
225,IMG_3141.jpg,wetransfer_img_0769-jpg_2026-05-17_0109/IMG_3141.jpg,honda-fest-2025-seleccion,image,1647030,2048,1365,horizontal,2026:05:16 20:38:51,2026-05-19T10:09:29,ffa424a089ffb3575689889ed16c26f903ba7c17e2994ce9d72abebab3b8e042
226,IMG_3173.jpg,wetransfer_img_0769-jpg_2026-05-17_0109/IMG_3173.jpg,honda-fest-2025-seleccion,image,1780171,2048,1365,horizontal,2026:05:16 20:40:00,2026-05-19T10:09:33,9b182f689a4ff22a53682d3225025d096f4530df50759cee832f54c2f56047f6
227,IMG_3191.jpg,wetransfer_img_0769-jpg_2026-05-17_0109/IMG_3191.jpg,honda-fest-2025-seleccion,image,1696439,2048,1365,horizontal,2026:05:16 20:46:47,2026-05-19T10:09:21,cf7853b3b0db49cbdd6a27005486bbe38a206d478d02f127f576b600e42be59d
228,IMG_3466.jpg,wetransfer_img_0769-jpg_2026-05-17_0109/IMG_3466.jpg,honda-fest-2025-seleccion,image,2166104,2048,1365,horizontal,2026:05:16 20:49:04,2026-05-19T10:09:49,a82b7836494e41cf2298a50b6691e6d5710bc4a48abfd77d23b52492f5aedc03
229,IMG_3511.jpg,wetransfer_img_0769-jpg_2026-05-17_0109/IMG_3511.jpg,honda-fest-2025-seleccion,image,2450623,2048,1365,horizontal,2026:05:16 20:50:12,2026-05-19T10:09:51,2b84c6aa364001dbf76cd53071faeceb3614f09a206447eef7819c8747bc0fde
230,IMG_3559.jpg,wetransfer_img_0769-jpg_2026-05-17_0109/IMG_3559.jpg,honda-fest-2025-seleccion,image,2048010,2048,1365,horizontal,2026:05:16 20:51:06,2026-05-19T10:09:41,20ca869280bb0db619474b2d1f33d028048653a09dcd2e08a39300660524bddb
231,IMG_3580.jpg,wetransfer_img_0769-jpg_2026-05-17_0109/IMG_3580.jpg,honda-fest-2025-seleccion,image,1763355,2048,1365,horizontal,2026:05:16 20:59:03,2026-05-19T10:09:22,debde18bfb5bb3a50b6aee1bfb794fcff8218b1bf1d21616e1d8f57b7acd3daf
232,IMG_3617.jpg,wetransfer_img_0769-jpg_2026-05-17_0109/IMG_3617.jpg,honda-fest-2025-seleccion,image,1927070,2048,1365,horizontal,2026:05:16 21:00:14,2026-05-19T10:09:39,f0c828c1dafe88d712099464f1d36179d01584698defb5c8402863f2c0d4209f
233,IMG_3655.jpg,wetransfer_img_0769-jpg_2026-05-17_0109/IMG_3655.jpg,honda-fest-2025-seleccion,image,1997127,2048,1365,horizontal,2026:05:16 21:01:22,2026-05-19T10:09:12,99c161f9e27ecb7acd7293d41e2078a7bc3038e078bdfd27c844fbd43d70a1f6
234,IMG_3685.jpg,wetransfer_img_0769-jpg_2026-05-17_0109/IMG_3685.jpg,honda-fest-2025-seleccion,image,1787839,2048,1365,horizontal,2026:05:16 21:02:59,2026-05-19T10:09:17,2cd4084ed8cb90bb17fb07998372483576c615e2b2faefff9a3ee1700bad570b
235,IMG_3718.jpg,wetransfer_img_0769-jpg_2026-05-17_0109/IMG_3718.jpg,honda-fest-2025-seleccion,image,2207827,2048,1365,horizontal,2026:05:16 21:04:11,2026-05-19T10:09:15,ec446a1aa3ce36496f290e12afda522795bfb304e7ef395607a431cb950857b7
236,IMG_3729.jpg,wetransfer_img_0769-jpg_2026-05-17_0109/IMG_3729.jpg,honda-fest-2025-seleccion,image,1837215,2048,1365,horizontal,2026:05:16 21:05:30,2026-05-19T10:09:45,455520cf76c94c1198d85ce09cb22b8d9a9d5627104bf622a4ab07aec875c874
237,IMG_3757.jpg,wetransfer_img_0769-jpg_2026-05-17_0109/IMG_3757.jpg,honda-fest-2025-seleccion,image,2144690,2048,1365,horizontal,2026:05:16 21:06:51,2026-05-19T10:09:23,c40881f7dec518fa7f3b51d94d905202fcf91760333322d6c265bb578adde81a
238,IMG_3789.jpg,wetransfer_img_0769-jpg_2026-05-17_0109/IMG_3789.jpg,honda-fest-2025-seleccion,image,1853813,2048,1365,horizontal,2026:05:16 21:08:06,2026-05-19T10:09:36,ae456a36af7d067b6d3c1ad71519543d541e9c8bb47508dbb2ea709b882f3360
239,IMG_5910.jpg,wetransfer_japon-2025_2026-05-18_2304/IMG_5910.jpg,japon-2025,image,1406194,2048,1365,horizontal,2025:02:26 17:56:44,2026-05-19T10:10:07,21732170acc1c7bf4f507e68e752f81599662b0395554f9d20037fa16226290b
240,IMG_5926.jpg,wetransfer_japon-2025_2026-05-18_2304/IMG_5926.jpg,japon-2025,image,2306698,2048,1365,horizontal,2025:02:26 17:58:23,2026-05-19T10:10:21,04ebc63e7ea3a6ebdea8c5f4b99012cc2c5ff7825a31b57b3845ce0347a022e2
241,IMG_5931.jpg,wetransfer_japon-2025_2026-05-18_2304/IMG_5931.jpg,japon-2025,image,1908293,2048,1365,horizontal,2025:02:26 17:59:44,2026-05-19T10:10:26,b5c7701f9b72fd4695b887e45b31decdab11296446a384e149a71f3c79d5ac32
242,IMG_5977.jpg,wetransfer_japon-2025_2026-05-18_2304/IMG_5977.jpg,japon-2025,image,1715707,2048,1365,horizontal,2025:02:26 18:01:54,2026-05-19T10:10:00,83a50bd45e3f6d0398c3aa934a3aaa0cafd4eda02e62427d5b728a4b5ff93241
243,IMG_5981.jpg,wetransfer_japon-2025_2026-05-18_2304/IMG_5981.jpg,japon-2025,image,2440924,2048,1365,horizontal,2025:02:26 20:03:14,2026-05-19T10:10:43,8959105f45cb1555c149b03c921884da4b146386694f85260c9cc3b18a82de94
244,IMG_5988.jpg,wetransfer_japon-2025_2026-05-18_2304/IMG_5988.jpg,japon-2025,image,3197829,2048,1365,horizontal,2025:02:26 20:09:27,2026-05-19T10:10:00,4f78e87ec53c184e1b16fbb16515c018358ccf3f40a3beac546d31d4661f108d
245,IMG_6026.jpg,wetransfer_japon-2025_2026-05-18_2304/IMG_6026.jpg,japon-2025,image,1802505,2048,1365,horizontal,2025:02:26 20:11:10,2026-05-19T10:10:34,a7a9bd41062d1272e37471cea814efc915761d3a4ca0f582a5908e809fd905c0
246,IMG_6041.jpg,wetransfer_japon-2025_2026-05-18_2304/IMG_6041.jpg,japon-2025,image,2203195,2048,1365,horizontal,2025:02:26 20:16:56,2026-05-19T10:10:37,8607a874a1385ebd0e01da2d6d45b9bb4b43a0cd26c1c01ebda9d3141f6a81cc
247,IMG_6042.jpg,wetransfer_japon-2025_2026-05-18_2304/IMG_6042.jpg,japon-2025,image,1419284,2048,1365,horizontal,2025:02:26 20:18:13,2026-05-19T10:10:42,c5fcbbfcddc7c5f8dfe9e2da022fb7b2960c982c204a3781c9eb20a9bca3c639
248,IMG_6044.jpg,wetransfer_japon-2025_2026-05-18_2304/IMG_6044.jpg,japon-2025,image,1422232,2048,1365,horizontal,2025:02:27 20:33:00,2026-05-19T10:10:47,4094c7eea7c99fd8b5ece6cb5c46e3c1e7ac4e65b7d0d7ac5212283b9736389a
249,IMG_6046.jpg,wetransfer_japon-2025_2026-05-18_2304/IMG_6046.jpg,japon-2025,image,1543620,2048,1365,horizontal,2025:02:27 17:36:04,2026-05-19T10:10:42,1d8a4f8b17be0e1c0dac469ea7d5dfdcd7855f50a6abdf41d4ab28321dd45b64
250,IMG_6048.jpg,wetransfer_japon-2025_2026-05-18_2304/IMG_6048.jpg,japon-2025,image,1529278,2048,1365,horizontal,2025:02:27 17:38:55,2026-05-19T10:09:57,4fe2e69e8777cd16a71780f730d0ed7b12edb5db08da71dbdd5eb48403681ae7
251,IMG_6065.jpg,wetransfer_japon-2025_2026-05-18_2304/IMG_6065.jpg,japon-2025,image,1454695,2048,1365,horizontal,2025:02:27 20:26:29,2026-05-19T10:10:02,e62bdec45b69272856ce2b2fb192e9f44b0efcc250f114f65686ab276ce3e136
252,IMG_6066.jpg,wetransfer_japon-2025_2026-05-18_2304/IMG_6066.jpg,japon-2025,image,1509910,2048,1365,horizontal,2025:02:26 20:12:51,2026-05-19T10:10:01,c37f938a2f55836900b9a04805a03179cf86adf331b948d912ad1f2fc7471fde
253,IMG_6087.jpg,wetransfer_japon-2025_2026-05-18_2304/IMG_6087.jpg,japon-2025,image,2243487,2048,1365,horizontal,2025:02:27 20:22:50,2026-05-19T10:10:48,6f896c7973caa8de76f3e7767d6905de1144560f7b9cb7ec612e7286c880aef5
254,IMG_6089.jpg,wetransfer_japon-2025_2026-05-18_2304/IMG_6089.jpg,japon-2025,image,1698306,2048,1365,horizontal,2025:04:23 22:01:42,2026-05-19T10:09:57,240d280119db23ace228e1e17bca06e406dbce1a9f4c5086651253ff7cb7ef28
255,IMG_6100.jpg,wetransfer_japon-2025_2026-05-18_2304/IMG_6100.jpg,japon-2025,image,1565101,2048,1365,horizontal,2025:02:27 17:43:09,2026-05-19T10:09:57,a3e4a302ac7e5cd9fa613b266a80637ed7ce0c37e2f0256ed56580ee9f942cbf
256,IMG_6147.jpg,wetransfer_japon-2025_2026-05-18_2304/IMG_6147.jpg,japon-2025,image,1849280,2048,1365,horizontal,2025:02:27 17:40:49,2026-05-19T10:10:36,e233834fe17d15426558d393795308420b45ac223924cbd4b0581d71c09d9b8a
257,IMG_6160.jpg,wetransfer_japon-2025_2026-05-18_2304/IMG_6160.jpg,japon-2025,image,2385324,2048,1365,horizontal,2025:02:27 17:42:08,2026-05-19T10:10:09,38f8251724b8889f0958611e0b6a2bff97544a9560ff3b1c747c687437759e97
258,IMG_6274.jpg,wetransfer_japon-2025_2026-05-18_2304/IMG_6274.jpg,japon-2025,image,1566875,2048,1365,horizontal,2025:02:27 20:43:57,2026-05-19T10:09:58,485edfadc49844372fb642452f2ac2a9134ada1889a1cebd1c008b619f7e190a
259,IMG_6533.jpg,wetransfer_japon-2025_2026-05-18_2304/IMG_6533.jpg,japon-2025,image,1806823,2048,1365,horizontal,2025:02:27 20:48:18,2026-05-19T10:10:40,868b8cbd65cda55bd8c97d869014df98872f7eb2444125eddb879574540eecf7
260,IMG_6553.jpg,wetransfer_japon-2025_2026-05-18_2304/IMG_6553.jpg,japon-2025,image,1643032,2048,1365,horizontal,2025:02:27 20:50:43,2026-05-19T10:10:20,995d1abfe0b58997550d07284d3ffdbe1added1657bc75831da51559a0fc9a68
261,IMG_6563.jpg,wetransfer_japon-2025_2026-05-18_2304/IMG_6563.jpg,japon-2025,image,1758145,2048,1365,horizontal,2025:02:27 20:54:28,2026-05-19T10:10:16,0393ab264bea34edb7681229c15896d898c8eebb82f3b51d9dc1af9c606c1d97
262,IMG_6594.jpg,wetransfer_japon-2025_2026-05-18_2304/IMG_6594.jpg,japon-2025,image,1454054,2048,1365,horizontal,2025:02:28 19:09:24,2026-05-19T10:10:35,1f0162241d478cf7ca31a10b79aacbdc78de257ee576ce438ed5bfd2170cf1bf
263,IMG_6603.jpg,wetransfer_japon-2025_2026-05-18_2304/IMG_6603.jpg,japon-2025,image,2376734,2048,1365,horizontal,2025:02:28 19:12:47,2026-05-19T10:10:12,266a2d1a722fbfd833de9b436795cc508ce01a006141cde9dacfa302190c6b93
264,IMG_6621.jpg,wetransfer_japon-2025_2026-05-18_2304/IMG_6621.jpg,japon-2025,image,1624459,2048,1365,horizontal,2025:02:28 19:14:25,2026-05-19T10:10:36,689f56c8cfc02208cf0eb4213af971b9556b7082cf2b0c99c504ac45f3411744
265,IMG_6631.jpg,wetransfer_japon-2025_2026-05-18_2304/IMG_6631.jpg,japon-2025,image,1508828,2048,1365,horizontal,2025:02:28 18:59:05,2026-05-19T10:10:18,38a02cc329f1338eb204dd3766328fa68656eb497ca7819f8fe8b2b8ce3bbf77
266,IMG_6709.jpg,wetransfer_japon-2025_2026-05-18_2304/IMG_6709.jpg,japon-2025,image,1506904,2048,1365,horizontal,2025:02:28 19:22:44,2026-05-19T10:10:44,aa8698a78f3277134004b5338b3950c64a51d5ca0c7023077f2ac4de5cde741a
267,IMG_6710.jpg,wetransfer_japon-2025_2026-05-18_2304/IMG_6710.jpg,japon-2025,image,1484691,2048,1365,horizontal,2025:04:25 22:43:17,2026-05-19T10:09:58,0811c978e197698fa6eeb3de9050ea99760297cd3f5eb44018252685949b67b5
268,IMG_6717.jpg,wetransfer_japon-2025_2026-05-18_2304/IMG_6717.jpg,japon-2025,image,1483222,2048,1365,horizontal,2025:02:28 19:27:22,2026-05-19T10:10:02,6f45d4c0e7f3f647ab9df92ba8d20319f58b71cca50a853f773814c36f932d95
269,IMG_6721.jpg,wetransfer_japon-2025_2026-05-18_2304/IMG_6721.jpg,japon-2025,image,1469777,2048,1365,horizontal,2025:02:28 19:26:23,2026-05-19T10:10:44,4e6ff29ac9947438d4532a2e6d56ea6b0dd60e60548a1a5a1f0298bdd618018c
270,IMG_6723.jpg,wetransfer_japon-2025_2026-05-18_2304/IMG_6723.jpg,japon-2025,image,1664598,2048,1365,horizontal,2025:02:28 19:28:30,2026-05-19T10:10:46,6bdb448b5ac5965972f223b64f881ac542d6fb838d594f79e667354789a7dfc3
271,IMG_6724.jpg,wetransfer_japon-2025_2026-05-18_2304/IMG_6724.jpg,japon-2025,image,1520321,2048,1365,horizontal,2025:02:28 19:31:06,2026-05-19T10:10:41,f0979f7acccaf23539055213b98f2462706ae17be0deef6c6a83a0ec3f2dba8d
272,IMG_6731.jpg,wetransfer_japon-2025_2026-05-18_2304/IMG_6731.jpg,japon-2025,image,1399256,2048,1365,horizontal,2025:02:28 19:32:11,2026-05-19T10:10:39,ba6a8ffd527df977f9c5a12de27c1503b5c90075438a52c5bf0f0c73d7a9d51b
273,IMG_6734.jpg,wetransfer_japon-2025_2026-05-18_2304/IMG_6734.jpg,japon-2025,image,1421734,2048,1365,horizontal,2025:02:28 19:34:23,2026-05-19T10:10:43,6bf2558ac8f8f5ae74b3eaa6f2bb601e59c93f13bb9f2052d4cdf31e0ee9415f
274,IMG_6761.jpg,wetransfer_japon-2025_2026-05-18_2304/IMG_6761.jpg,japon-2025,image,1604300,2048,1365,horizontal,2025:02:28 19:58:20,2026-05-19T10:10:15,4ff746cfa4f94af9fcbfc31d92a45bff311cdbaed422229cecf2b52f90a8a616
275,IMG_6768.jpg,wetransfer_japon-2025_2026-05-18_2304/IMG_6768.jpg,japon-2025,image,1684480,2048,1365,horizontal,2025:02:28 19:50:57,2026-05-19T10:10:33,c30dff840315883ef1c02675daac1ad3c89ea4ec42770f6f69ef7cafa833a65e
276,IMG_6776.jpg,wetransfer_japon-2025_2026-05-18_2304/IMG_6776.jpg,japon-2025,image,1801964,2048,1365,horizontal,2025:02:28 19:47:59,2026-05-19T10:10:11,9a8f9b8f8d1c464c693fa5006833c360a6f86d655d2c5b5bc0cb78e9d42d1900
277,IMG_6782.jpg,wetransfer_japon-2025_2026-05-18_2304/IMG_6782.jpg,japon-2025,image,1752418,2048,1365,horizontal,2025:02:28 19:51:50,2026-05-19T10:10:35,4d95f6141240b3869dd624610c9e19bcf76e1ce01c46655f2848724b590cdb82
278,IMG_6786.jpg,wetransfer_japon-2025_2026-05-18_2304/IMG_6786.jpg,japon-2025,image,1586318,2048,1365,horizontal,2025:02:28 21:30:21,2026-05-19T10:10:19,955b9bfd299a3c1545e61c565f01b5833ce48a956c06fb4f302480ce20ca7c33
279,IMG_6792.jpg,wetransfer_japon-2025_2026-05-18_2304/IMG_6792.jpg,japon-2025,image,1609865,2048,1365,horizontal,2025:02:28 19:52:49,2026-05-19T10:10:19,0c95104b1f23c105053efe10d7e4fa4c0d74be59770b17f4e67be73803f8496f
280,IMG_6801.jpg,wetransfer_japon-2025_2026-05-18_2304/IMG_6801.jpg,japon-2025,image,1620212,2048,1365,horizontal,2025:02:28 19:54:30,2026-05-19T10:10:23,5e39cc3fdd36c5f3459e1c0ca52687d6c369cf396db64ec3a3c2615958c3d4e7
281,IMG_6811.jpg,wetransfer_japon-2025_2026-05-18_2304/IMG_6811.jpg,japon-2025,image,1694226,2048,1365,horizontal,2025:02:28 21:05:02,2026-05-19T10:10:31,3f74e4bc3c8ba1774587d8c44a925c0dbca3b157ea55b9bbb7199cb081ea2a9b
282,IMG_6881.jpg,wetransfer_japon-2025_2026-05-18_2304/IMG_6881.jpg,japon-2025,image,1492681,2048,1365,horizontal,2025:02:28 21:11:32,2026-05-19T10:09:59,f5877f3efdaa70a1649f9b5d1ad6ca2d5459a885648f89873321e7ff96c594d8
283,IMG_6887.jpg,wetransfer_japon-2025_2026-05-18_2304/IMG_6887.jpg,japon-2025,image,1492293,2048,1365,horizontal,2025:02:28 21:17:52,2026-05-19T10:10:04,b0f3d00029a38ad39c276d90200b92929f5a10c2959d62f84fd331332c459948
284,IMG_6893.jpg,wetransfer_japon-2025_2026-05-18_2304/IMG_6893.jpg,japon-2025,image,1496282,2048,1365,horizontal,2025:02:28 21:23:07,2026-05-19T10:10:03,990f7565ae66ee18957ba9a614e3dfb76b5d680cc00b62916f8e6b574fd66579
285,IMG_6906.jpg,wetransfer_japon-2025_2026-05-18_2304/IMG_6906.jpg,japon-2025,image,1467351,2048,1365,horizontal,2025:02:28 21:23:50,2026-05-19T10:10:46,c69ef58705ba4df0fe6d9138cb47b908f5f455baf1e235e1fb80d4e59d325545
286,IMG_6912.jpg,wetransfer_japon-2025_2026-05-18_2304/IMG_6912.jpg,japon-2025,image,1574110,2048,1365,horizontal,2025:02:28 21:20:15,2026-05-19T10:10:45,53ac3e1378d959ec92fd2acc0a7399b667292a63651e0ff85998900f9b88d9d4
287,IMG_6941.jpg,wetransfer_japon-2025_2026-05-18_2304/IMG_6941.jpg,japon-2025,image,1377211,2048,1365,horizontal,2025:02:28 21:22:05,2026-05-19T10:10:08,07f0fa863ff8e8cc1989dc1da65e31adac16e54d307086095f2b72fe841c322c
288,IMG_6942.jpg,wetransfer_japon-2025_2026-05-18_2304/IMG_6942.jpg,japon-2025,image,1398197,2048,1365,horizontal,2025:04:23 22:12:05,2026-05-19T10:10:04,38d4252fda2f688d88a556e2b06daf73472217290eab331e0ad46fc7cd1e5395
289,IMG_6960.jpg,wetransfer_japon-2025_2026-05-18_2304/IMG_6960.jpg,japon-2025,image,1775754,2048,1365,horizontal,2025:02:28 21:27:20,2026-05-19T10:10:28,e2bd5a7f715bbd3700d7b3b21e0f4311911d9cfafd1a03884a16e6da8021af8c
290,IMG_6986.jpg,wetransfer_japon-2025_2026-05-18_2304/IMG_6986.jpg,japon-2025,image,1841213,2048,1365,horizontal,2025:02:28 21:28:43,2026-05-19T10:10:10,13f2f28fce322a916e39735b187acd69f224d8b9a6958aa769c47599288d6ef8
291,IMG_6993.jpg,wetransfer_japon-2025_2026-05-18_2304/IMG_6993.jpg,japon-2025,image,1571471,2048,1365,horizontal,2025:02:28 21:32:18,2026-05-19T10:10:12,a80f2fd74749540e419e9f6fd308345b52b1d02109c9f8d1c4e3a7d7901448ce
292,IMG_7001.jpg,wetransfer_japon-2025_2026-05-18_2304/IMG_7001.jpg,japon-2025,image,1708398,2048,1365,horizontal,2025:02:28 21:35:17,2026-05-19T10:10:39,2dcfd4f31278f84e8f46d9cd1a43507eb324c377ecdf89a7bd92e9d1e24cb4a5
293,IMG_7035.jpg,wetransfer_japon-2025_2026-05-18_2304/IMG_7035.jpg,japon-2025,image,1377612,2048,1365,horizontal,2025:02:28 22:35:28,2026-05-19T10:09:55,177e6aef92ff3562b0535062a85aabda5f5b4bb1a782c722cb70ddcd89fad2ae
294,IMG_7051.jpg,wetransfer_japon-2025_2026-05-18_2304/IMG_7051.jpg,japon-2025,image,1540529,2048,1365,horizontal,2025:03:01 16:06:42,2026-05-19T10:10:13,d3631523fd42695d95e7a0fa6b8762ab692b7102803d1e4a38a29fa6bd6f80cd
295,IMG_7052.jpg,wetransfer_japon-2025_2026-05-18_2304/IMG_7052.jpg,japon-2025,image,1671765,2048,1365,horizontal,2025:02:28 22:39:41,2026-05-19T10:10:17,cece815fa84c6dc5647b2261d257304e4f7c83703bb0379b7da48349dfb77c54
296,IMG_7060.jpg,wetransfer_japon-2025_2026-05-18_2304/IMG_7060.jpg,japon-2025,image,1537943,2048,1365,horizontal,2025:02:28 22:42:32,2026-05-19T10:10:23,bf7e8e7dfb4a63b8c7702cc7473a90bfb4412ba02244db5a350545d839463656
297,IMG_7062.jpg,wetransfer_japon-2025_2026-05-18_2304/IMG_7062.jpg,japon-2025,image,1212176,2048,1365,horizontal,2025:03:01 19:14:27,2026-05-19T10:10:22,20bb3a83a846daa062255e8718066755b181a48e1af11c490ac3d6acede7c585
298,IMG_7090.jpg,wetransfer_japon-2025_2026-05-18_2304/IMG_7090.jpg,japon-2025,image,1446580,2048,1365,horizontal,2025:03:01 15:54:34,2026-05-19T10:10:13,8c18b406236c2821a289875645045e99906418e38e0d01149eba4205e56c15b0
299,IMG_7099.jpg,wetransfer_japon-2025_2026-05-18_2304/IMG_7099.jpg,japon-2025,image,1204070,2048,1365,horizontal,2025:02:28 22:51:11,2026-05-19T10:10:32,b8658e214b0ced9dd7308c92660cee2ffb5528892041a3a98250c2bf3d3ecc6d
300,IMG_7103.jpg,wetransfer_japon-2025_2026-05-18_2304/IMG_7103.jpg,japon-2025,image,1096413,2048,1365,horizontal,2025:02:28 22:47:23,2026-05-19T10:10:20,abbceb0dfc1198123b634ea842b27e5e7dfe8bea382cec75d6cad35ab379e482
301,IMG_7120.jpg,wetransfer_japon-2025_2026-05-18_2304/IMG_7120.jpg,japon-2025,image,1608668,2048,1365,horizontal,2025:03:01 11:53:01,2026-05-19T10:10:06,79e0a2e6127697353d5de0ead2e57c0973f699d8abd23b6aca32120ce6e41361
302,IMG_7128.jpg,wetransfer_japon-2025_2026-05-18_2304/IMG_7128.jpg,japon-2025,image,1369287,2048,1365,horizontal,2025:03:01 15:47:32,2026-05-19T10:10:25,11725084f0505a58571eeda454809655efbe73b404dd9a4d947dfdca1ad2beac
303,IMG_7132.jpg,wetransfer_japon-2025_2026-05-18_2304/IMG_7132.jpg,japon-2025,image,1463652,2048,1365,horizontal,2025:03:01 15:45:41,2026-05-19T10:10:16,2bc694bb43dad892d5226bec41bcce918bd363218f4affb1497a7e6a94ff9f77
304,IMG_7211.jpg,wetransfer_japon-2025_2026-05-18_2304/IMG_7211.jpg,japon-2025,image,1317203,2048,1365,horizontal,2025:03:01 09:20:13,2026-05-19T10:10:46,a5f0423d0241550505e34b203677ab914b229460977e0199b75d27c660227d49
305,IMG_7273.jpg,wetransfer_japon-2025_2026-05-18_2304/IMG_7273.jpg,japon-2025,image,1788077,2048,1365,horizontal,2025:03:01 16:03:13,2026-05-19T10:10:30,3200ed6608ae36a39bda0cbe0b424aea6e08090c5c53f7b6db5e6cc3784df5b2
306,IMG_7355.jpg,wetransfer_japon-2025_2026-05-18_2304/IMG_7355.jpg,japon-2025,image,1468633,2048,1444,horizontal,2025:03:01 19:22:49,2026-05-19T10:09:59,87b466c015108a63ef51062e7d2543b3018989a8a53632810e857cbc151c2c44
307,IMG_7371.jpg,wetransfer_japon-2025_2026-05-18_2304/IMG_7371.jpg,japon-2025,image,1253065,2048,1365,horizontal,2025:03:01 19:16:54,2026-05-19T10:10:45,9258ec7a18047433cbe08c19c316eaf80f7d7daad00b45872906d6026af4e2c4
308,IMG_7413.jpg,wetransfer_japon-2025_2026-05-18_2304/IMG_7413.jpg,japon-2025,image,1499392,2048,1365,horizontal,2025:02:26 17:26:19,2026-05-19T10:10:40,3d671bd2567c6baad7bc1c27e708d1a7a23af4e047ded3407173a1d0c0164781
309,IMG_7414.jpg,wetransfer_japon-2025_2026-05-18_2304/IMG_7414.jpg,japon-2025,image,1670796,2048,1365,horizontal,2025:03:01 19:25:54,2026-05-19T10:10:47,14a30a7392973069b40aa663bd36d368d9567d0adc244a6dc6fc3719da921d63
310,IMG_7416.jpg,wetransfer_japon-2025_2026-05-18_2304/IMG_7416.jpg,japon-2025,image,1476989,2048,1365,horizontal,2025:03:01 19:27:50,2026-05-19T10:10:42,9d10f82b513e06889429091efdc9b83f6bde7eaed0a8dc4d820d3e3c8be674cc
311,IMG_7419.jpg,wetransfer_japon-2025_2026-05-18_2304/IMG_7419.jpg,japon-2025,image,1476539,2048,1365,horizontal,2025:03:01 19:33:36,2026-05-19T10:09:56,af8150a16043beaab891fa48db741c58fced50e46d1815b1cfd5cd14770e0cd7
312,IMG_7422.jpg,wetransfer_japon-2025_2026-05-18_2304/IMG_7422.jpg,japon-2025,image,1451312,2048,1365,horizontal,2025:03:01 19:32:09,2026-05-19T10:10:01,82cc83b8246f1536dada95402b0f0a9b425bdced507bafa99f7b6f9620cfd56c
313,IMG_7430.jpg,wetransfer_japon-2025_2026-05-18_2304/IMG_7430.jpg,japon-2025,image,1522723,2048,1365,horizontal,2025:03:01 19:35:01,2026-05-19T10:09:56,be7c31358cf3a4b98b9a1eed7281ac7949ac15925d7925360b81bee5bafc0c0e
314,IMG_7439.jpg,wetransfer_japon-2025_2026-05-18_2304/IMG_7439.jpg,japon-2025,image,1615134,2048,1365,horizontal,2025:03:02 13:24:49,2026-05-19T10:10:37,de94cc484d7b278287c5afc51e911b6a6ba2006bec306ccdb9184319cf3a4ee0
315,IMG_7443.jpg,wetransfer_japon-2025_2026-05-18_2304/IMG_7443.jpg,japon-2025,image,1716454,2048,1365,horizontal,2025:03:02 10:43:15,2026-05-19T10:10:15,7b6a650796ece25e64a31d6672bab1e7d8d7f25ad509428f01276ef9b116bdd8
316,IMG_7444.jpg,wetransfer_japon-2025_2026-05-18_2304/IMG_7444.jpg,japon-2025,image,1563633,2048,1365,horizontal,2025:03:02 18:15:38,2026-05-19T10:10:07,c6528f5b2101a3bcd5abecb6e0a5f1c49a756673174b33154586c96391d0bab6
317,IMG_7454.jpg,wetransfer_japon-2025_2026-05-18_2304/IMG_7454.jpg,japon-2025,image,1312943,2048,1365,horizontal,2025:03:02 18:17:33,2026-05-19T10:10:10,9fdbd8d7431887e6f1c6aba561936b2f571662dbc4f41a1dc64a81828740d608
318,IMG_7458.jpg,wetransfer_japon-2025_2026-05-18_2304/IMG_7458.jpg,japon-2025,image,1525846,2048,1365,horizontal,2025:03:02 11:08:03,2026-05-19T10:10:24,fb6ec994aadf2388d5d8b027acec7bcd038fb8e0c1dfac5a93b5495a4b95d576
319,IMG_7459.jpg,wetransfer_japon-2025_2026-05-18_2304/IMG_7459.jpg,japon-2025,image,1534835,2048,1365,horizontal,2025:03:02 10:41:12,2026-05-19T10:10:27,ce343d1f9d00a82ee42c1f40361205405c47ed417f83db0f8218229782842998
320,IMG_7460.jpg,wetransfer_japon-2025_2026-05-18_2304/IMG_7460.jpg,japon-2025,image,1586979,2048,1365,horizontal,2025:03:02 10:38:28,2026-05-19T10:10:30,129a83eb34e5e58729f976a85c76db16b58c0aac410f01738decc6bcab5fd7d8
321,IMG_7466.jpg,wetransfer_japon-2025_2026-05-18_2304/IMG_7466.jpg,japon-2025,image,1484078,2048,1365,horizontal,2025:03:02 13:27:45,2026-05-19T10:10:21,45c1241ad9c7b28d6805b507130ba1726cedfb5870185584b5ca3c80592b5131
322,IMG_7478.jpg,wetransfer_japon-2025_2026-05-18_2304/IMG_7478.jpg,japon-2025,image,1609238,2048,1365,horizontal,2025:03:02 13:29:12,2026-05-19T10:10:08,4c6343c82c310ed93e7dd0bf76c48e34dba7f0c2f0cab727c9fa64f455c63259
323,IMG_7479-2.jpg,wetransfer_japon-2025_2026-05-18_2304/IMG_7479-2.jpg,japon-2025,image,1798518,2048,1365,horizontal,2025:03:02 00:04:17,2026-05-19T10:10:02,fb5f50fc4a491dea8c5c3652bb26878ab3cee9e94276b10e7414836e14b2b628
324,IMG_7515.jpg,wetransfer_japon-2025_2026-05-18_2304/IMG_7515.jpg,japon-2025,image,1655054,2048,1365,horizontal,2025:03:02 11:05:41,2026-05-19T10:10:29,54bd705faa407f402f94478a3573143b4f4e2a9cc5547693a05e041a9eead0aa
325,IMG_7520.jpg,wetransfer_japon-2025_2026-05-18_2304/IMG_7520.jpg,japon-2025,image,1468763,2048,1365,horizontal,2025:03:02 10:53:45,2026-05-19T10:10:09,2a82159cc2845911dac14d4eb283fae12a2c5fa7c4fbbb516d7b0b228d94ebfb
326,IMG_7522.jpg,wetransfer_japon-2025_2026-05-18_2304/IMG_7522.jpg,japon-2025,image,1403677,2048,1365,horizontal,2025:04:23 22:20:48,2026-05-19T10:10:17,be29debc01fb3bf0b3b9846ce4e399d3ecf4f8b6c78bc7ea3c85a493a57c57cd
327,IMG_7527.jpg,wetransfer_japon-2025_2026-05-18_2304/IMG_7527.jpg,japon-2025,image,1616477,2048,1365,horizontal,2025:03:02 10:55:18,2026-05-19T10:10:05,402bc2cc78cffb54b0e324870e67e7f0c7903fe81a5c65656a006450102f8c1e
328,IMG_7537.jpg,wetransfer_japon-2025_2026-05-18_2304/IMG_7537.jpg,japon-2025,image,2156081,2048,1365,horizontal,2025:03:02 18:19:46,2026-05-19T10:10:14,44c9279200f19cc12d1ca3dccf8a5f9d8ff9b12ea4210daa66d023f81f1255d0
329,IMG_7559.jpg,wetransfer_japon-2025_2026-05-18_2304/IMG_7559.jpg,japon-2025,image,2371040,2048,1365,horizontal,2025:03:02 18:22:37,2026-05-19T10:10:38,67aad4372ac5a53b005049b593350830eeec1d70506e10791e700287470f1521
330,IMG_7560.jpg,wetransfer_japon-2025_2026-05-18_2304/IMG_7560.jpg,japon-2025,image,1948941,2048,1365,horizontal,2025:03:02 18:23:44,2026-05-19T10:10:48,749d58f45bbd085db788259b7942b8153c8a2643aaa3d97414376b2e70d59fe0
331,IMG_7569.jpg,wetransfer_japon-2025_2026-05-18_2304/IMG_7569.jpg,japon-2025,image,2398473,2048,1365,horizontal,2025:03:02 18:25:05,2026-05-19T10:10:03,1125068692e7d644d5e79fadd97a9a37ed45d75d85cdabf4787a717174c75267
332,IMG_7592.jpg,wetransfer_japon-2025_2026-05-18_2304/IMG_7592.jpg,japon-2025,image,1677421,2048,1365,horizontal,2025:03:02 18:26:17,2026-05-19T10:09:56,2f3cc7fc8628dd89c24e054caa14e18725d4d69a3540c6db1d92efd465b90015
333,IMG_7610.jpg,wetransfer_japon-2025_2026-05-18_2304/IMG_7610.jpg,japon-2025,image,1637033,2048,1365,horizontal,2025:03:02 18:31:00,2026-05-19T10:10:41,9209fe0d4c901b8b94c8336884574f09e2d36ca98ee3394a687852d7e126b0f7
334,IMG_7620.jpg,wetransfer_japon-2025_2026-05-18_2304/IMG_7620.jpg,japon-2025,image,1530150,2048,1365,horizontal,2025:03:02 18:32:03,2026-05-19T10:10:01,64d4806ce2e696bed2dde9134f4c29f16960fe11ba37d503dbfdf42720a56ff4
335,IMG_7629.jpg,wetransfer_japon-2025_2026-05-18_2304/IMG_7629.jpg,japon-2025,image,1500413,2048,1365,horizontal,2025:03:02 18:33:38,2026-05-19T10:10:44,de1b58e55fddb26494aba20ddd48fed46a4d72db95e7b875b519e97949b3a299
336,IMG_7647.jpg,wetransfer_japon-2025_2026-05-18_2304/IMG_7647.jpg,japon-2025,image,1642191,2048,1365,horizontal,2025:03:02 18:35:01,2026-05-19T10:10:05,b2a30d3aa80e5d80a628468610dadbe86203c738a5beeea8985857e996b3cd5b
337,IMG_7674.jpg,wetransfer_japon-2025_2026-05-18_2304/IMG_7674.jpg,japon-2025,image,1592180,2048,1365,horizontal,2025:03:02 18:37:19,2026-05-19T10:10:34,28978a5fe54f2f79aeb3b74b8f3d2bf9bd05bec52878b509d646063e05e1adf7
338,IMG_7691.jpg,wetransfer_japon-2025_2026-05-18_2304/IMG_7691.jpg,japon-2025,image,1615286,2048,1365,horizontal,2025:03:02 18:38:43,2026-05-19T10:10:06,9e414e586a6222efd21980a3c5898f045fe95d2fb5dc1955720f07f38edcace9
339,IMG_7694.jpg,wetransfer_japon-2025_2026-05-18_2304/IMG_7694.jpg,japon-2025,image,2388176,2048,1365,horizontal,2025:03:02 18:39:37,2026-05-19T10:10:11,59101a2ffcab94a4e69a06a3390a0347d8adcba04cd585d6ddcdf16cb23a78f7
340,IMG_7702.jpg,wetransfer_japon-2025_2026-05-18_2304/IMG_7702.jpg,japon-2025,image,2103511,2048,1365,horizontal,2025:03:02 18:40:59,2026-05-19T10:10:31,711c520d156b07c667e15d624ae0f1a756f9bf9f6c909705062dc7e51685f67d
341,IMG_7705.jpg,wetransfer_japon-2025_2026-05-18_2304/IMG_7705.jpg,japon-2025,image,2371200,2048,1365,horizontal,2025:03:02 19:26:14,2026-05-19T10:10:18,d62b23c1b1418c4e08cd0e1c456eb613aefca932c3ec01a06cf7f437a68411e9
342,IMG_7707.jpg,wetransfer_japon-2025_2026-05-18_2304/IMG_7707.jpg,japon-2025,image,1435039,2048,1365,horizontal,2025:03:02 19:27:25,2026-05-19T10:10:28,71a6c7907bc2affd57bbdd6103173cddc78303edbea157c3c4518059f398fb35
343,IMG_7716.jpg,wetransfer_japon-2025_2026-05-18_2304/IMG_7716.jpg,japon-2025,image,2374852,2048,1365,horizontal,2025:03:02 19:28:28,2026-05-19T10:10:32,6b46d51b545a432908e2893b55895c20f3716475b3c8fcb43bc665667aacf13a
344,IMG_7735.jpg,wetransfer_japon-2025_2026-05-18_2304/IMG_7735.jpg,japon-2025,image,1960786,2048,1365,horizontal,2025:03:02 19:29:37,2026-05-19T10:10:14,e412bf5395d0dab2b9895ce4dff2fe1ba336535ced897af65cb8925150b619dd
